Campaign,Campaign Type,Campaign Status,Networks,Languages,Budget,Budget type,Bid Strategy Type,Location,Location ID,Ad Group,Ad Group Status,Max CPC,Keyword,Criterion Type,Ad type,Status,Headline 1,Headline 2,Headline 3,Headline 4,Headline 5,Headline 6,Headline 7,Headline 8,Headline 9,Headline 10,Headline 11,Headline 12,Headline 13,Headline 14,Headline 15,Headline 1 position,Description 1,Description 2,Description 3,Description 4,Path 1,Path 2,Final URL
DMS DE - Tattoo-Singles kennenlernen,Search,Paused,Google search,de,20.00,Daily,Manual CPC,,,,,,,,,,,,,,,,,,,,,,,,,,,,,,,,
DMS DE - Tattoo-Singles kennenlernen,,,,,,,,Germany,2276,,,,,,,,,,,,,,,,,,,,,,,,,,,,,,
DMS DE - Tattoo-Singles kennenlernen,,,,,,,,,,,,,tattoo studio,Negative Phrase,,,,,,,,,,,,,,,,,,,,,,,,,
DMS DE - Tattoo-Singles kennenlernen,,,,,,,,,,,,,tattoostudio,Negative Phrase,,,,,,,,,,,,,,,,,,,,,,,,,
DMS DE - Tattoo-Singles kennenlernen,,,,,,,,,,,,,tätowierer,Negative Phrase,,,,,,,,,,,,,,,,,,,,,,,,,
DMS DE - Tattoo-Singles kennenlernen,,,,,,,,,,,,,tattoo entfernen,Negative Phrase,,,,,,,,,,,,,,,,,,,,,,,,,
DMS DE - Tattoo-Singles kennenlernen,,,,,,,,,,,,,tattoo entfernung,Negative Phrase,,,,,,,,,,,,,,,,,,,,,,,,,
DMS DE - Tattoo-Singles kennenlernen,,,,,,,,,,,,,tattoo vorlagen,Negative Phrase,,,,,,,,,,,,,,,,,,,,,,,,,
DMS DE - Tattoo-Singles kennenlernen,,,,,,,,,,,,,tattoo ideen,Negative Phrase,,,,,,,,,,,,,,,,,,,,,,,,,
DMS DE - Tattoo-Singles kennenlernen,,,,,,,,,,,,,tattoo motive,Negative Phrase,,,,,,,,,,,,,,,,,,,,,,,,,
DMS DE - Tattoo-Singles kennenlernen,,,,,,,,,,,,,tattoo bedeutung,Negative Phrase,,,,,,,,,,,,,,,,,,,,,,,,,
DMS DE - Tattoo-Singles kennenlernen,,,,,,,,,,,,,tattoo kosten,Negative Phrase,,,,,,,,,,,,,,,,,,,,,,,,,
DMS DE - Tattoo-Singles kennenlernen,,,,,,,,,,,,,tattoo preise,Negative Phrase,,,,,,,,,,,,,,,,,,,,,,,,,
DMS DE - Tattoo-Singles kennenlernen,,,,,,,,,,,,,tattoo pflege,Negative Phrase,,,,,,,,,,,,,,,,,,,,,,,,,
DMS DE - Tattoo-Singles kennenlernen,,,,,,,,,,,,,tattoo schmerzen,Negative Phrase,,,,,,,,,,,,,,,,,,,,,,,,,
DMS DE - Tattoo-Singles kennenlernen,,,,,,,,,,,,,tattoo creme,Negative Phrase,,,,,,,,,,,,,,,,,,,,,,,,,
DMS DE - Tattoo-Singles kennenlernen,,,,,,,,,,,,,tattoo maschine,Negative Phrase,,,,,,,,,,,,,,,,,,,,,,,,,
DMS DE - Tattoo-Singles kennenlernen,,,,,,,,,,,,,piercing stechen,Negative Phrase,,,,,,,,,,,,,,,,,,,,,,,,,
DMS DE - Tattoo-Singles kennenlernen,,,,,,,,,,,,,piercing kosten,Negative Phrase,,,,,,,,,,,,,,,,,,,,,,,,,
DMS DE - Tattoo-Singles kennenlernen,,,,,,,,,,,,,piercing entzündet,Negative Phrase,,,,,,,,,,,,,,,,,,,,,,,,,
DMS DE - Tattoo-Singles kennenlernen,,,,,,,,,,,,,job,Negative Phrase,,,,,,,,,,,,,,,,,,,,,,,,,
DMS DE - Tattoo-Singles kennenlernen,,,,,,,,,,,,,jobs,Negative Phrase,,,,,,,,,,,,,,,,,,,,,,,,,
DMS DE - Tattoo-Singles kennenlernen,,,,,,,,,,,,,ausbildung,Negative Phrase,,,,,,,,,,,,,,,,,,,,,,,,,
DMS DE - Tattoo-Singles kennenlernen,,,,,,,,,,,,,kurs,Negative Phrase,,,,,,,,,,,,,,,,,,,,,,,,,
DMS DE - Tattoo-Singles kennenlernen,,,,,,,,,,,,,porno,Negative Phrase,,,,,,,,,,,,,,,,,,,,,,,,,
DMS DE - Tattoo-Singles kennenlernen,,,,,,,,,,,,,porn,Negative Phrase,,,,,,,,,,,,,,,,,,,,,,,,,
DMS DE - Tattoo-Singles kennenlernen,,,,,,,,,,,,,sex,Negative Phrase,,,,,,,,,,,,,,,,,,,,,,,,,
DMS DE - Tattoo-Singles kennenlernen,,,,,,,,,,,,,escort,Negative Phrase,,,,,,,,,,,,,,,,,,,,,,,,,
DMS DE - Tattoo-Singles kennenlernen,,,,,,,,,,,,,nackt,Negative Phrase,,,,,,,,,,,,,,,,,,,,,,,,,
DMS DE - Tattoo-Singles kennenlernen,,,,,,,,,,,,,gratis download,Negative Phrase,,,,,,,,,,,,,,,,,,,,,,,,,
DMS DE - Tattoo-Singles kennenlernen,,,,,,,,,,Tattoo Singles,Enabled,0.80,,,,,,,,,,,,,,,,,,,,,,,,,,,
DMS DE - Tattoo-Singles kennenlernen,,,,,,,,,,Tattoo Singles,,,tattoo singles,Phrase,,Enabled,,,,,,,,,,,,,,,,,,,,,,,
DMS DE - Tattoo-Singles kennenlernen,,,,,,,,,,Tattoo Singles,,,tattoo singles,Exact,,Enabled,,,,,,,,,,,,,,,,,,,,,,,
DMS DE - Tattoo-Singles kennenlernen,,,,,,,,,,Tattoo Singles,,,tätowierte singles,Phrase,,Enabled,,,,,,,,,,,,,,,,,,,,,,,
DMS DE - Tattoo-Singles kennenlernen,,,,,,,,,,Tattoo Singles,,,tätowierte singles,Exact,,Enabled,,,,,,,,,,,,,,,,,,,,,,,
DMS DE - Tattoo-Singles kennenlernen,,,,,,,,,,Tattoo Singles,,,singles mit tattoos,Phrase,,Enabled,,,,,,,,,,,,,,,,,,,,,,,
DMS DE - Tattoo-Singles kennenlernen,,,,,,,,,,Tattoo Singles,,,singles mit tattoos,Exact,,Enabled,,,,,,,,,,,,,,,,,,,,,,,
DMS DE - Tattoo-Singles kennenlernen,,,,,,,,,,Tattoo Singles,,,tattoo singlebörse,Phrase,,Enabled,,,,,,,,,,,,,,,,,,,,,,,
DMS DE - Tattoo-Singles kennenlernen,,,,,,,,,,Tattoo Singles,,,tattoo singlebörse,Exact,,Enabled,,,,,,,,,,,,,,,,,,,,,,,
DMS DE - Tattoo-Singles kennenlernen,,,,,,,,,,Tattoo Singles,,,singlebörse für tätowierte,Phrase,,Enabled,,,,,,,,,,,,,,,,,,,,,,,
DMS DE - Tattoo-Singles kennenlernen,,,,,,,,,,Tattoo Singles,,,singlebörse für tätowierte,Exact,,Enabled,,,,,,,,,,,,,,,,,,,,,,,
DMS DE - Tattoo-Singles kennenlernen,,,,,,,,,,Tattoo Singles,,,tattoo single,Phrase,,Enabled,,,,,,,,,,,,,,,,,,,,,,,
DMS DE - Tattoo-Singles kennenlernen,,,,,,,,,,Tattoo Singles,,,tattoo single,Exact,,Enabled,,,,,,,,,,,,,,,,,,,,,,,
DMS DE - Tattoo-Singles kennenlernen,,,,,,,,,,Tattoo Singles,,,tattoo singles deutschland,Phrase,,Enabled,,,,,,,,,,,,,,,,,,,,,,,
DMS DE - Tattoo-Singles kennenlernen,,,,,,,,,,Tattoo Singles,,,tattoo singles deutschland,Exact,,Enabled,,,,,,,,,,,,,,,,,,,,,,,
DMS DE - Tattoo-Singles kennenlernen,,,,,,,,,,Tattoo Singles,,,,,Responsive search ad,Enabled,Tattoo-Singles kennenlernen,Frauen & Männer mit Tattoos,Singlebörse für Tätowierte,Kostenlos registrieren,Singles in deiner Nähe,Umkreissuche & Flirtradar,Geprüfte Profile,Über 20 Jahre Online-Dating,Szene statt Massenbörse,In 2 Minuten dabei,"Kein Abo, keine Kreditkarte",Jetzt Singles finden,Dich mit Stich,Tattoo-Singles Deutschland,,1,"Singlebörse für Tätowierte: kostenlos anmelden und sehen, wer in deiner Nähe online ist.","Hier fragt keiner, ob das Tattoo wehgetan hat. Geprüfte Profile, Umkreissuche, kostenlos.","Tätowierte Singles von Berlin bis München. Registrieren, Profil anlegen, losflirten.","Über 20 Jahre Online-Dating, betrieben von der Icony GmbH. Profil jederzeit löschbar.",Tattoo-Singles,Kostenlos,https://dich-mit-stich.de/tattoo-singles/kennenlernen/?v=singles
DMS DE - Tattoo-Singles kennenlernen,,,,,,,,,,Tattoo Dating,Enabled,0.80,,,,,,,,,,,,,,,,,,,,,,,,,,,
DMS DE - Tattoo-Singles kennenlernen,,,,,,,,,,Tattoo Dating,,,tattoo dating,Phrase,,Enabled,,,,,,,,,,,,,,,,,,,,,,,
DMS DE - Tattoo-Singles kennenlernen,,,,,,,,,,Tattoo Dating,,,tattoo dating,Exact,,Enabled,,,,,,,,,,,,,,,,,,,,,,,
DMS DE - Tattoo-Singles kennenlernen,,,,,,,,,,Tattoo Dating,,,dating für tätowierte,Phrase,,Enabled,,,,,,,,,,,,,,,,,,,,,,,
DMS DE - Tattoo-Singles kennenlernen,,,,,,,,,,Tattoo Dating,,,dating für tätowierte,Exact,,Enabled,,,,,,,,,,,,,,,,,,,,,,,
DMS DE - Tattoo-Singles kennenlernen,,,,,,,,,,Tattoo Dating,,,tattoo dating seite,Phrase,,Enabled,,,,,,,,,,,,,,,,,,,,,,,
DMS DE - Tattoo-Singles kennenlernen,,,,,,,,,,Tattoo Dating,,,tattoo dating seite,Exact,,Enabled,,,,,,,,,,,,,,,,,,,,,,,
DMS DE - Tattoo-Singles kennenlernen,,,,,,,,,,Tattoo Dating,,,tattoo dating app,Phrase,,Enabled,,,,,,,,,,,,,,,,,,,,,,,
DMS DE - Tattoo-Singles kennenlernen,,,,,,,,,,Tattoo Dating,,,tattoo dating app,Exact,,Enabled,,,,,,,,,,,,,,,,,,,,,,,
DMS DE - Tattoo-Singles kennenlernen,,,,,,,,,,Tattoo Dating,,,tattoo dating deutschland,Phrase,,Enabled,,,,,,,,,,,,,,,,,,,,,,,
DMS DE - Tattoo-Singles kennenlernen,,,,,,,,,,Tattoo Dating,,,tattoo dating deutschland,Exact,,Enabled,,,,,,,,,,,,,,,,,,,,,,,
DMS DE - Tattoo-Singles kennenlernen,,,,,,,,,,Tattoo Dating,,,dating mit tattoos,Phrase,,Enabled,,,,,,,,,,,,,,,,,,,,,,,
DMS DE - Tattoo-Singles kennenlernen,,,,,,,,,,Tattoo Dating,,,dating mit tattoos,Exact,,Enabled,,,,,,,,,,,,,,,,,,,,,,,
DMS DE - Tattoo-Singles kennenlernen,,,,,,,,,,Tattoo Dating,,,,,Responsive search ad,Enabled,Tattoo-Dating nach deinem Stil,Dating für Tätowierte,Frauen & Männer mit Tattoos,Singlebörse für Tätowierte,Kostenlos registrieren,Singles in deiner Nähe,Umkreissuche & Flirtradar,Geprüfte Profile,Über 20 Jahre Online-Dating,Szene statt Massenbörse,In 2 Minuten dabei,"Kein Abo, keine Kreditkarte",Jetzt Singles finden,Dich mit Stich,Tattoo-Singles Deutschland,1,"Singlebörse für Tätowierte: kostenlos anmelden und sehen, wer in deiner Nähe online ist.","Hier fragt keiner, ob das Tattoo wehgetan hat. Geprüfte Profile, Umkreissuche, kostenlos.","Tätowierte Singles von Berlin bis München. Registrieren, Profil anlegen, losflirten.","Über 20 Jahre Online-Dating, betrieben von der Icony GmbH. Profil jederzeit löschbar.",Tattoo-Singles,Kostenlos,https://dich-mit-stich.de/tattoo-singles/kennenlernen/?v=dating
DMS DE - Tattoo-Singles kennenlernen,,,,,,,,,,Piercing Singles,Enabled,0.80,,,,,,,,,,,,,,,,,,,,,,,,,,,
DMS DE - Tattoo-Singles kennenlernen,,,,,,,,,,Piercing Singles,,,gepiercte singles,Phrase,,Enabled,,,,,,,,,,,,,,,,,,,,,,,
DMS DE - Tattoo-Singles kennenlernen,,,,,,,,,,Piercing Singles,,,gepiercte singles,Exact,,Enabled,,,,,,,,,,,,,,,,,,,,,,,
DMS DE - Tattoo-Singles kennenlernen,,,,,,,,,,Piercing Singles,,,piercing singles,Phrase,,Enabled,,,,,,,,,,,,,,,,,,,,,,,
DMS DE - Tattoo-Singles kennenlernen,,,,,,,,,,Piercing Singles,,,piercing singles,Exact,,Enabled,,,,,,,,,,,,,,,,,,,,,,,
DMS DE - Tattoo-Singles kennenlernen,,,,,,,,,,Piercing Singles,,,piercing dating,Phrase,,Enabled,,,,,,,,,,,,,,,,,,,,,,,
DMS DE - Tattoo-Singles kennenlernen,,,,,,,,,,Piercing Singles,,,piercing dating,Exact,,Enabled,,,,,,,,,,,,,,,,,,,,,,,
DMS DE - Tattoo-Singles kennenlernen,,,,,,,,,,Piercing Singles,,,gepiercte frauen kennenlernen,Phrase,,Enabled,,,,,,,,,,,,,,,,,,,,,,,
DMS DE - Tattoo-Singles kennenlernen,,,,,,,,,,Piercing Singles,,,gepiercte frauen kennenlernen,Exact,,Enabled,,,,,,,,,,,,,,,,,,,,,,,
DMS DE - Tattoo-Singles kennenlernen,,,,,,,,,,Piercing Singles,,,gepiercte männer kennenlernen,Phrase,,Enabled,,,,,,,,,,,,,,,,,,,,,,,
DMS DE - Tattoo-Singles kennenlernen,,,,,,,,,,Piercing Singles,,,gepiercte männer kennenlernen,Exact,,Enabled,,,,,,,,,,,,,,,,,,,,,,,
DMS DE - Tattoo-Singles kennenlernen,,,,,,,,,,Piercing Singles,,,,,Responsive search ad,Enabled,Gepiercte Singles kennenlernen,"Septum, Sleeve oder Fine Line",Tattoos & Piercings willkommen,Singlebörse für Tätowierte,Kostenlos registrieren,Singles in deiner Nähe,Umkreissuche & Flirtradar,Geprüfte Profile,Über 20 Jahre Online-Dating,Szene statt Massenbörse,In 2 Minuten dabei,"Kein Abo, keine Kreditkarte",Jetzt Singles finden,Dich mit Stich,Tattoo-Singles Deutschland,1,"Septum, Sleeve oder Fine Line: Hier musst du nichts erklären. Kostenlos registrieren.","Hier fragt keiner, ob das Tattoo wehgetan hat. Geprüfte Profile, Umkreissuche, kostenlos.","Tätowierte Singles von Berlin bis München. Registrieren, Profil anlegen, losflirten.","Über 20 Jahre Online-Dating, betrieben von der Icony GmbH. Profil jederzeit löschbar.",Tattoo-Singles,Kostenlos,https://dich-mit-stich.de/tattoo-singles/kennenlernen/?v=piercing
DMS DE - Tattoo-Singles kennenlernen,,,,,,,,,,Taetowierte Frauen,Enabled,0.80,,,,,,,,,,,,,,,,,,,,,,,,,,,
DMS DE - Tattoo-Singles kennenlernen,,,,,,,,,,Taetowierte Frauen,,,tätowierte frauen kennenlernen,Phrase,,Enabled,,,,,,,,,,,,,,,,,,,,,,,
DMS DE - Tattoo-Singles kennenlernen,,,,,,,,,,Taetowierte Frauen,,,tätowierte frauen kennenlernen,Exact,,Enabled,,,,,,,,,,,,,,,,,,,,,,,
DMS DE - Tattoo-Singles kennenlernen,,,,,,,,,,Taetowierte Frauen,,,tätowierte frau kennenlernen,Phrase,,Enabled,,,,,,,,,,,,,,,,,,,,,,,
DMS DE - Tattoo-Singles kennenlernen,,,,,,,,,,Taetowierte Frauen,,,tätowierte frau kennenlernen,Exact,,Enabled,,,,,,,,,,,,,,,,,,,,,,,
DMS DE - Tattoo-Singles kennenlernen,,,,,,,,,,Taetowierte Frauen,,,tätowierte single frauen,Phrase,,Enabled,,,,,,,,,,,,,,,,,,,,,,,
DMS DE - Tattoo-Singles kennenlernen,,,,,,,,,,Taetowierte Frauen,,,tätowierte single frauen,Exact,,Enabled,,,,,,,,,,,,,,,,,,,,,,,
DMS DE - Tattoo-Singles kennenlernen,,,,,,,,,,Taetowierte Frauen,,,tattoo frauen dating,Phrase,,Enabled,,,,,,,,,,,,,,,,,,,,,,,
DMS DE - Tattoo-Singles kennenlernen,,,,,,,,,,Taetowierte Frauen,,,tattoo frauen dating,Exact,,Enabled,,,,,,,,,,,,,,,,,,,,,,,
DMS DE - Tattoo-Singles kennenlernen,,,,,,,,,,Taetowierte Frauen,,,frauen mit tattoos kennenlernen,Phrase,,Enabled,,,,,,,,,,,,,,,,,,,,,,,
DMS DE - Tattoo-Singles kennenlernen,,,,,,,,,,Taetowierte Frauen,,,frauen mit tattoos kennenlernen,Exact,,Enabled,,,,,,,,,,,,,,,,,,,,,,,
DMS DE - Tattoo-Singles kennenlernen,,,,,,,,,,Taetowierte Frauen,,,,,Responsive search ad,Enabled,Tätowierte Frauen kennenlernen,Frauen mit Tattoos treffen,Frauen in deiner Nähe,Singlebörse für Tätowierte,Kostenlos registrieren,Singles in deiner Nähe,Umkreissuche & Flirtradar,Geprüfte Profile,Über 20 Jahre Online-Dating,Szene statt Massenbörse,In 2 Minuten dabei,"Kein Abo, keine Kreditkarte",Jetzt Singles finden,Dich mit Stich,Tattoo-Singles Deutschland,1,"Frauen, die Tattoos nicht nur mögen, sondern selbst tragen. Jetzt kostenlos anmelden.","Profile aus deinem Umkreis, geprüft vom Support-Team. Ohne Umwege ins Gespräch kommen.","Tätowierte Singles von Berlin bis München. Registrieren, Profil anlegen, losflirten.","Über 20 Jahre Online-Dating, betrieben von der Icony GmbH. Profil jederzeit löschbar.",Tattoo-Singles,Kostenlos,https://dich-mit-stich.de/tattoo-singles/kennenlernen/?v=frauen
DMS DE - Tattoo-Singles kennenlernen,,,,,,,,,,Taetowierte Maenner,Enabled,0.80,,,,,,,,,,,,,,,,,,,,,,,,,,,
DMS DE - Tattoo-Singles kennenlernen,,,,,,,,,,Taetowierte Maenner,,,tätowierte männer kennenlernen,Phrase,,Enabled,,,,,,,,,,,,,,,,,,,,,,,
DMS DE - Tattoo-Singles kennenlernen,,,,,,,,,,Taetowierte Maenner,,,tätowierte männer kennenlernen,Exact,,Enabled,,,,,,,,,,,,,,,,,,,,,,,
DMS DE - Tattoo-Singles kennenlernen,,,,,,,,,,Taetowierte Maenner,,,tätowierter mann kennenlernen,Phrase,,Enabled,,,,,,,,,,,,,,,,,,,,,,,
DMS DE - Tattoo-Singles kennenlernen,,,,,,,,,,Taetowierte Maenner,,,tätowierter mann kennenlernen,Exact,,Enabled,,,,,,,,,,,,,,,,,,,,,,,
DMS DE - Tattoo-Singles kennenlernen,,,,,,,,,,Taetowierte Maenner,,,tätowierte single männer,Phrase,,Enabled,,,,,,,,,,,,,,,,,,,,,,,
DMS DE - Tattoo-Singles kennenlernen,,,,,,,,,,Taetowierte Maenner,,,tätowierte single männer,Exact,,Enabled,,,,,,,,,,,,,,,,,,,,,,,
DMS DE - Tattoo-Singles kennenlernen,,,,,,,,,,Taetowierte Maenner,,,tattoo männer dating,Phrase,,Enabled,,,,,,,,,,,,,,,,,,,,,,,
DMS DE - Tattoo-Singles kennenlernen,,,,,,,,,,Taetowierte Maenner,,,tattoo männer dating,Exact,,Enabled,,,,,,,,,,,,,,,,,,,,,,,
DMS DE - Tattoo-Singles kennenlernen,,,,,,,,,,Taetowierte Maenner,,,männer mit tattoos kennenlernen,Phrase,,Enabled,,,,,,,,,,,,,,,,,,,,,,,
DMS DE - Tattoo-Singles kennenlernen,,,,,,,,,,Taetowierte Maenner,,,männer mit tattoos kennenlernen,Exact,,Enabled,,,,,,,,,,,,,,,,,,,,,,,
DMS DE - Tattoo-Singles kennenlernen,,,,,,,,,,Taetowierte Maenner,,,,,Responsive search ad,Enabled,Tätowierte Männer kennenlernen,Männer mit Tattoos treffen,Männer in deiner Nähe,Singlebörse für Tätowierte,Kostenlos registrieren,Singles in deiner Nähe,Umkreissuche & Flirtradar,Geprüfte Profile,Über 20 Jahre Online-Dating,Szene statt Massenbörse,In 2 Minuten dabei,"Kein Abo, keine Kreditkarte",Jetzt Singles finden,Dich mit Stich,Tattoo-Singles Deutschland,1,"Männer, die Tinte tragen und wissen, was ein gutes Motiv ist. Jetzt kostenlos anmelden.","Profile aus deinem Umkreis, geprüft vom Support-Team. Ohne Umwege ins Gespräch kommen.","Tätowierte Singles von Berlin bis München. Registrieren, Profil anlegen, losflirten.","Über 20 Jahre Online-Dating, betrieben von der Icony GmbH. Profil jederzeit löschbar.",Tattoo-Singles,Kostenlos,https://dich-mit-stich.de/tattoo-singles/kennenlernen/?v=maenner
DMS DE - Tattoo-Singles kennenlernen,,,,,,,,,,Partnersuche Taetowierte,Enabled,0.80,,,,,,,,,,,,,,,,,,,,,,,,,,,
DMS DE - Tattoo-Singles kennenlernen,,,,,,,,,,Partnersuche Taetowierte,,,partnersuche tätowierte,Phrase,,Enabled,,,,,,,,,,,,,,,,,,,,,,,
DMS DE - Tattoo-Singles kennenlernen,,,,,,,,,,Partnersuche Taetowierte,,,partnersuche tätowierte,Exact,,Enabled,,,,,,,,,,,,,,,,,,,,,,,
DMS DE - Tattoo-Singles kennenlernen,,,,,,,,,,Partnersuche Taetowierte,,,partnersuche tattoo,Phrase,,Enabled,,,,,,,,,,,,,,,,,,,,,,,
DMS DE - Tattoo-Singles kennenlernen,,,,,,,,,,Partnersuche Taetowierte,,,partnersuche tattoo,Exact,,Enabled,,,,,,,,,,,,,,,,,,,,,,,
DMS DE - Tattoo-Singles kennenlernen,,,,,,,,,,Partnersuche Taetowierte,,,partner mit tattoos finden,Phrase,,Enabled,,,,,,,,,,,,,,,,,,,,,,,
DMS DE - Tattoo-Singles kennenlernen,,,,,,,,,,Partnersuche Taetowierte,,,partner mit tattoos finden,Exact,,Enabled,,,,,,,,,,,,,,,,,,,,,,,
DMS DE - Tattoo-Singles kennenlernen,,,,,,,,,,Partnersuche Taetowierte,,,tätowierten partner finden,Phrase,,Enabled,,,,,,,,,,,,,,,,,,,,,,,
DMS DE - Tattoo-Singles kennenlernen,,,,,,,,,,Partnersuche Taetowierte,,,tätowierten partner finden,Exact,,Enabled,,,,,,,,,,,,,,,,,,,,,,,
DMS DE - Tattoo-Singles kennenlernen,,,,,,,,,,Partnersuche Taetowierte,,,tätowierte partnerin finden,Phrase,,Enabled,,,,,,,,,,,,,,,,,,,,,,,
DMS DE - Tattoo-Singles kennenlernen,,,,,,,,,,Partnersuche Taetowierte,,,tätowierte partnerin finden,Exact,,Enabled,,,,,,,,,,,,,,,,,,,,,,,
DMS DE - Tattoo-Singles kennenlernen,,,,,,,,,,Partnersuche Taetowierte,,,,,Responsive search ad,Enabled,Partnersuche für Tätowierte,Beziehung statt Zeitvertreib,"Singles, die es ernst meinen",Singlebörse für Tätowierte,Kostenlos registrieren,Singles in deiner Nähe,Umkreissuche & Flirtradar,Geprüfte Profile,Über 20 Jahre Online-Dating,Szene statt Massenbörse,In 2 Minuten dabei,"Kein Abo, keine Kreditkarte",Jetzt Singles finden,Dich mit Stich,Tattoo-Singles Deutschland,1,"Eine Beziehung mit jemandem, der deine Leidenschaft teilt. Kostenlos registrieren.","Hier fragt keiner, ob das Tattoo wehgetan hat. Geprüfte Profile, Umkreissuche, kostenlos.","Tätowierte Singles von Berlin bis München. Registrieren, Profil anlegen, losflirten.","Über 20 Jahre Online-Dating, betrieben von der Icony GmbH. Profil jederzeit löschbar.",Tattoo-Singles,Kostenlos,https://dich-mit-stich.de/tattoo-singles/kennenlernen/?v=partnersuche
DMS DE - Tattoo-Singles kennenlernen,,,,,,,,,,Stadt Berlin,Enabled,0.80,,,,,,,,,,,,,,,,,,,,,,,,,,,
DMS DE - Tattoo-Singles kennenlernen,,,,,,,,,,Stadt Berlin,,,tattoo singles berlin,Phrase,,Enabled,,,,,,,,,,,,,,,,,,,,,,,
DMS DE - Tattoo-Singles kennenlernen,,,,,,,,,,Stadt Berlin,,,tattoo singles berlin,Exact,,Enabled,,,,,,,,,,,,,,,,,,,,,,,
DMS DE - Tattoo-Singles kennenlernen,,,,,,,,,,Stadt Berlin,,,tätowierte singles berlin,Phrase,,Enabled,,,,,,,,,,,,,,,,,,,,,,,
DMS DE - Tattoo-Singles kennenlernen,,,,,,,,,,Stadt Berlin,,,tätowierte singles berlin,Exact,,Enabled,,,,,,,,,,,,,,,,,,,,,,,
DMS DE - Tattoo-Singles kennenlernen,,,,,,,,,,Stadt Berlin,,,tattoo dating berlin,Phrase,,Enabled,,,,,,,,,,,,,,,,,,,,,,,
DMS DE - Tattoo-Singles kennenlernen,,,,,,,,,,Stadt Berlin,,,tattoo dating berlin,Exact,,Enabled,,,,,,,,,,,,,,,,,,,,,,,
DMS DE - Tattoo-Singles kennenlernen,,,,,,,,,,Stadt Berlin,,,,,Responsive search ad,Enabled,Tattoo-Singles in Berlin,Tätowierte Singles Berlin,Singles aus Berlin,Wer in Berlin online ist,Singlebörse für Tätowierte,Kostenlos registrieren,Singles in deiner Nähe,Umkreissuche & Flirtradar,Geprüfte Profile,Über 20 Jahre Online-Dating,Szene statt Massenbörse,In 2 Minuten dabei,"Kein Abo, keine Kreditkarte",Jetzt Singles finden,Dich mit Stich,1,"Tattoo-Singles aus Berlin kennenlernen: kostenlos anmelden und sehen, wer online ist.","Hier fragt keiner, ob das Tattoo wehgetan hat. Geprüfte Profile, Umkreissuche, kostenlos.","Tätowierte Singles von Berlin bis München. Registrieren, Profil anlegen, losflirten.","Über 20 Jahre Online-Dating, betrieben von der Icony GmbH. Profil jederzeit löschbar.",Tattoo-Singles,Berlin,https://dich-mit-stich.de/tattoo-singles/kennenlernen/?v=singles&stadt=berlin
DMS DE - Tattoo-Singles kennenlernen,,,,,,,,,,Stadt Hamburg,Enabled,0.80,,,,,,,,,,,,,,,,,,,,,,,,,,,
DMS DE - Tattoo-Singles kennenlernen,,,,,,,,,,Stadt Hamburg,,,tattoo singles hamburg,Phrase,,Enabled,,,,,,,,,,,,,,,,,,,,,,,
DMS DE - Tattoo-Singles kennenlernen,,,,,,,,,,Stadt Hamburg,,,tattoo singles hamburg,Exact,,Enabled,,,,,,,,,,,,,,,,,,,,,,,
DMS DE - Tattoo-Singles kennenlernen,,,,,,,,,,Stadt Hamburg,,,tätowierte singles hamburg,Phrase,,Enabled,,,,,,,,,,,,,,,,,,,,,,,
DMS DE - Tattoo-Singles kennenlernen,,,,,,,,,,Stadt Hamburg,,,tätowierte singles hamburg,Exact,,Enabled,,,,,,,,,,,,,,,,,,,,,,,
DMS DE - Tattoo-Singles kennenlernen,,,,,,,,,,Stadt Hamburg,,,tattoo dating hamburg,Phrase,,Enabled,,,,,,,,,,,,,,,,,,,,,,,
DMS DE - Tattoo-Singles kennenlernen,,,,,,,,,,Stadt Hamburg,,,tattoo dating hamburg,Exact,,Enabled,,,,,,,,,,,,,,,,,,,,,,,
DMS DE - Tattoo-Singles kennenlernen,,,,,,,,,,Stadt Hamburg,,,,,Responsive search ad,Enabled,Tattoo-Singles in Hamburg,Tätowierte Singles Hamburg,Singles aus Hamburg,Wer in Hamburg online ist,Singlebörse für Tätowierte,Kostenlos registrieren,Singles in deiner Nähe,Umkreissuche & Flirtradar,Geprüfte Profile,Über 20 Jahre Online-Dating,Szene statt Massenbörse,In 2 Minuten dabei,"Kein Abo, keine Kreditkarte",Jetzt Singles finden,Dich mit Stich,1,"Tattoo-Singles aus Hamburg kennenlernen: kostenlos anmelden und sehen, wer online ist.","Hier fragt keiner, ob das Tattoo wehgetan hat. Geprüfte Profile, Umkreissuche, kostenlos.","Tätowierte Singles von Berlin bis München. Registrieren, Profil anlegen, losflirten.","Über 20 Jahre Online-Dating, betrieben von der Icony GmbH. Profil jederzeit löschbar.",Tattoo-Singles,Hamburg,https://dich-mit-stich.de/tattoo-singles/kennenlernen/?v=singles&stadt=hamburg
DMS DE - Tattoo-Singles kennenlernen,,,,,,,,,,Stadt München,Enabled,0.80,,,,,,,,,,,,,,,,,,,,,,,,,,,
DMS DE - Tattoo-Singles kennenlernen,,,,,,,,,,Stadt München,,,tattoo singles münchen,Phrase,,Enabled,,,,,,,,,,,,,,,,,,,,,,,
DMS DE - Tattoo-Singles kennenlernen,,,,,,,,,,Stadt München,,,tattoo singles münchen,Exact,,Enabled,,,,,,,,,,,,,,,,,,,,,,,
DMS DE - Tattoo-Singles kennenlernen,,,,,,,,,,Stadt München,,,tätowierte singles münchen,Phrase,,Enabled,,,,,,,,,,,,,,,,,,,,,,,
DMS DE - Tattoo-Singles kennenlernen,,,,,,,,,,Stadt München,,,tätowierte singles münchen,Exact,,Enabled,,,,,,,,,,,,,,,,,,,,,,,
DMS DE - Tattoo-Singles kennenlernen,,,,,,,,,,Stadt München,,,tattoo dating münchen,Phrase,,Enabled,,,,,,,,,,,,,,,,,,,,,,,
DMS DE - Tattoo-Singles kennenlernen,,,,,,,,,,Stadt München,,,tattoo dating münchen,Exact,,Enabled,,,,,,,,,,,,,,,,,,,,,,,
DMS DE - Tattoo-Singles kennenlernen,,,,,,,,,,Stadt München,,,,,Responsive search ad,Enabled,Tattoo-Singles in München,Tätowierte Singles München,Singles aus München,Wer in München online ist,Singlebörse für Tätowierte,Kostenlos registrieren,Singles in deiner Nähe,Umkreissuche & Flirtradar,Geprüfte Profile,Über 20 Jahre Online-Dating,Szene statt Massenbörse,In 2 Minuten dabei,"Kein Abo, keine Kreditkarte",Jetzt Singles finden,Dich mit Stich,1,"Tattoo-Singles aus München kennenlernen: kostenlos anmelden und sehen, wer online ist.","Hier fragt keiner, ob das Tattoo wehgetan hat. Geprüfte Profile, Umkreissuche, kostenlos.","Tätowierte Singles von Berlin bis München. Registrieren, Profil anlegen, losflirten.","Über 20 Jahre Online-Dating, betrieben von der Icony GmbH. Profil jederzeit löschbar.",Tattoo-Singles,München,https://dich-mit-stich.de/tattoo-singles/kennenlernen/?v=singles&stadt=muenchen
DMS DE - Tattoo-Singles kennenlernen,,,,,,,,,,Stadt Köln,Enabled,0.80,,,,,,,,,,,,,,,,,,,,,,,,,,,
DMS DE - Tattoo-Singles kennenlernen,,,,,,,,,,Stadt Köln,,,tattoo singles köln,Phrase,,Enabled,,,,,,,,,,,,,,,,,,,,,,,
DMS DE - Tattoo-Singles kennenlernen,,,,,,,,,,Stadt Köln,,,tattoo singles köln,Exact,,Enabled,,,,,,,,,,,,,,,,,,,,,,,
DMS DE - Tattoo-Singles kennenlernen,,,,,,,,,,Stadt Köln,,,tätowierte singles köln,Phrase,,Enabled,,,,,,,,,,,,,,,,,,,,,,,
DMS DE - Tattoo-Singles kennenlernen,,,,,,,,,,Stadt Köln,,,tätowierte singles köln,Exact,,Enabled,,,,,,,,,,,,,,,,,,,,,,,
DMS DE - Tattoo-Singles kennenlernen,,,,,,,,,,Stadt Köln,,,tattoo dating köln,Phrase,,Enabled,,,,,,,,,,,,,,,,,,,,,,,
DMS DE - Tattoo-Singles kennenlernen,,,,,,,,,,Stadt Köln,,,tattoo dating köln,Exact,,Enabled,,,,,,,,,,,,,,,,,,,,,,,
DMS DE - Tattoo-Singles kennenlernen,,,,,,,,,,Stadt Köln,,,,,Responsive search ad,Enabled,Tattoo-Singles in Köln,Tätowierte Singles Köln,Singles aus Köln,Wer in Köln online ist,Singlebörse für Tätowierte,Kostenlos registrieren,Singles in deiner Nähe,Umkreissuche & Flirtradar,Geprüfte Profile,Über 20 Jahre Online-Dating,Szene statt Massenbörse,In 2 Minuten dabei,"Kein Abo, keine Kreditkarte",Jetzt Singles finden,Dich mit Stich,1,"Tattoo-Singles aus Köln kennenlernen: kostenlos anmelden und sehen, wer online ist.","Hier fragt keiner, ob das Tattoo wehgetan hat. Geprüfte Profile, Umkreissuche, kostenlos.","Tätowierte Singles von Berlin bis München. Registrieren, Profil anlegen, losflirten.","Über 20 Jahre Online-Dating, betrieben von der Icony GmbH. Profil jederzeit löschbar.",Tattoo-Singles,Köln,https://dich-mit-stich.de/tattoo-singles/kennenlernen/?v=singles&stadt=koeln
DMS AT - Tattoo-Singles kennenlernen,Search,Paused,Google search,de,10.00,Daily,Manual CPC,,,,,,,,,,,,,,,,,,,,,,,,,,,,,,,,
DMS AT - Tattoo-Singles kennenlernen,,,,,,,,Austria,2040,,,,,,,,,,,,,,,,,,,,,,,,,,,,,,
DMS AT - Tattoo-Singles kennenlernen,,,,,,,,,,,,,tattoo studio,Negative Phrase,,,,,,,,,,,,,,,,,,,,,,,,,
DMS AT - Tattoo-Singles kennenlernen,,,,,,,,,,,,,tattoostudio,Negative Phrase,,,,,,,,,,,,,,,,,,,,,,,,,
DMS AT - Tattoo-Singles kennenlernen,,,,,,,,,,,,,tätowierer,Negative Phrase,,,,,,,,,,,,,,,,,,,,,,,,,
DMS AT - Tattoo-Singles kennenlernen,,,,,,,,,,,,,tattoo entfernen,Negative Phrase,,,,,,,,,,,,,,,,,,,,,,,,,
DMS AT - Tattoo-Singles kennenlernen,,,,,,,,,,,,,tattoo entfernung,Negative Phrase,,,,,,,,,,,,,,,,,,,,,,,,,
DMS AT - Tattoo-Singles kennenlernen,,,,,,,,,,,,,tattoo vorlagen,Negative Phrase,,,,,,,,,,,,,,,,,,,,,,,,,
DMS AT - Tattoo-Singles kennenlernen,,,,,,,,,,,,,tattoo ideen,Negative Phrase,,,,,,,,,,,,,,,,,,,,,,,,,
DMS AT - Tattoo-Singles kennenlernen,,,,,,,,,,,,,tattoo motive,Negative Phrase,,,,,,,,,,,,,,,,,,,,,,,,,
DMS AT - Tattoo-Singles kennenlernen,,,,,,,,,,,,,tattoo bedeutung,Negative Phrase,,,,,,,,,,,,,,,,,,,,,,,,,
DMS AT - Tattoo-Singles kennenlernen,,,,,,,,,,,,,tattoo kosten,Negative Phrase,,,,,,,,,,,,,,,,,,,,,,,,,
DMS AT - Tattoo-Singles kennenlernen,,,,,,,,,,,,,tattoo preise,Negative Phrase,,,,,,,,,,,,,,,,,,,,,,,,,
DMS AT - Tattoo-Singles kennenlernen,,,,,,,,,,,,,tattoo pflege,Negative Phrase,,,,,,,,,,,,,,,,,,,,,,,,,
DMS AT - Tattoo-Singles kennenlernen,,,,,,,,,,,,,tattoo schmerzen,Negative Phrase,,,,,,,,,,,,,,,,,,,,,,,,,
DMS AT - Tattoo-Singles kennenlernen,,,,,,,,,,,,,tattoo creme,Negative Phrase,,,,,,,,,,,,,,,,,,,,,,,,,
DMS AT - Tattoo-Singles kennenlernen,,,,,,,,,,,,,tattoo maschine,Negative Phrase,,,,,,,,,,,,,,,,,,,,,,,,,
DMS AT - Tattoo-Singles kennenlernen,,,,,,,,,,,,,piercing stechen,Negative Phrase,,,,,,,,,,,,,,,,,,,,,,,,,
DMS AT - Tattoo-Singles kennenlernen,,,,,,,,,,,,,piercing kosten,Negative Phrase,,,,,,,,,,,,,,,,,,,,,,,,,
DMS AT - Tattoo-Singles kennenlernen,,,,,,,,,,,,,piercing entzündet,Negative Phrase,,,,,,,,,,,,,,,,,,,,,,,,,
DMS AT - Tattoo-Singles kennenlernen,,,,,,,,,,,,,job,Negative Phrase,,,,,,,,,,,,,,,,,,,,,,,,,
DMS AT - Tattoo-Singles kennenlernen,,,,,,,,,,,,,jobs,Negative Phrase,,,,,,,,,,,,,,,,,,,,,,,,,
DMS AT - Tattoo-Singles kennenlernen,,,,,,,,,,,,,ausbildung,Negative Phrase,,,,,,,,,,,,,,,,,,,,,,,,,
DMS AT - Tattoo-Singles kennenlernen,,,,,,,,,,,,,kurs,Negative Phrase,,,,,,,,,,,,,,,,,,,,,,,,,
DMS AT - Tattoo-Singles kennenlernen,,,,,,,,,,,,,porno,Negative Phrase,,,,,,,,,,,,,,,,,,,,,,,,,
DMS AT - Tattoo-Singles kennenlernen,,,,,,,,,,,,,porn,Negative Phrase,,,,,,,,,,,,,,,,,,,,,,,,,
DMS AT - Tattoo-Singles kennenlernen,,,,,,,,,,,,,sex,Negative Phrase,,,,,,,,,,,,,,,,,,,,,,,,,
DMS AT - Tattoo-Singles kennenlernen,,,,,,,,,,,,,escort,Negative Phrase,,,,,,,,,,,,,,,,,,,,,,,,,
DMS AT - Tattoo-Singles kennenlernen,,,,,,,,,,,,,nackt,Negative Phrase,,,,,,,,,,,,,,,,,,,,,,,,,
DMS AT - Tattoo-Singles kennenlernen,,,,,,,,,,,,,gratis download,Negative Phrase,,,,,,,,,,,,,,,,,,,,,,,,,
DMS AT - Tattoo-Singles kennenlernen,,,,,,,,,,Tattoo Singles,Enabled,1.00,,,,,,,,,,,,,,,,,,,,,,,,,,,
DMS AT - Tattoo-Singles kennenlernen,,,,,,,,,,Tattoo Singles,,,tattoo singles,Phrase,,Enabled,,,,,,,,,,,,,,,,,,,,,,,
DMS AT - Tattoo-Singles kennenlernen,,,,,,,,,,Tattoo Singles,,,tattoo singles,Exact,,Enabled,,,,,,,,,,,,,,,,,,,,,,,
DMS AT - Tattoo-Singles kennenlernen,,,,,,,,,,Tattoo Singles,,,tätowierte singles,Phrase,,Enabled,,,,,,,,,,,,,,,,,,,,,,,
DMS AT - Tattoo-Singles kennenlernen,,,,,,,,,,Tattoo Singles,,,tätowierte singles,Exact,,Enabled,,,,,,,,,,,,,,,,,,,,,,,
DMS AT - Tattoo-Singles kennenlernen,,,,,,,,,,Tattoo Singles,,,singles mit tattoos,Phrase,,Enabled,,,,,,,,,,,,,,,,,,,,,,,
DMS AT - Tattoo-Singles kennenlernen,,,,,,,,,,Tattoo Singles,,,singles mit tattoos,Exact,,Enabled,,,,,,,,,,,,,,,,,,,,,,,
DMS AT - Tattoo-Singles kennenlernen,,,,,,,,,,Tattoo Singles,,,tattoo singlebörse,Phrase,,Enabled,,,,,,,,,,,,,,,,,,,,,,,
DMS AT - Tattoo-Singles kennenlernen,,,,,,,,,,Tattoo Singles,,,tattoo singlebörse,Exact,,Enabled,,,,,,,,,,,,,,,,,,,,,,,
DMS AT - Tattoo-Singles kennenlernen,,,,,,,,,,Tattoo Singles,,,singlebörse für tätowierte,Phrase,,Enabled,,,,,,,,,,,,,,,,,,,,,,,
DMS AT - Tattoo-Singles kennenlernen,,,,,,,,,,Tattoo Singles,,,singlebörse für tätowierte,Exact,,Enabled,,,,,,,,,,,,,,,,,,,,,,,
DMS AT - Tattoo-Singles kennenlernen,,,,,,,,,,Tattoo Singles,,,tattoo single,Phrase,,Enabled,,,,,,,,,,,,,,,,,,,,,,,
DMS AT - Tattoo-Singles kennenlernen,,,,,,,,,,Tattoo Singles,,,tattoo single,Exact,,Enabled,,,,,,,,,,,,,,,,,,,,,,,
DMS AT - Tattoo-Singles kennenlernen,,,,,,,,,,Tattoo Singles,,,tattoo singles österreich,Phrase,,Enabled,,,,,,,,,,,,,,,,,,,,,,,
DMS AT - Tattoo-Singles kennenlernen,,,,,,,,,,Tattoo Singles,,,tattoo singles österreich,Exact,,Enabled,,,,,,,,,,,,,,,,,,,,,,,
DMS AT - Tattoo-Singles kennenlernen,,,,,,,,,,Tattoo Singles,,,,,Responsive search ad,Enabled,Tattoo-Singles kennenlernen,Frauen & Männer mit Tattoos,Singlebörse für Tätowierte,Kostenlos registrieren,Singles in deiner Nähe,Umkreissuche & Flirtradar,Geprüfte Profile,Über 20 Jahre Online-Dating,Szene statt Massenbörse,In 2 Minuten dabei,"Kein Abo, keine Kreditkarte",Jetzt Singles finden,Dich mit Stich,Tattoo-Singles Österreich,,1,"Singlebörse für Tätowierte: kostenlos anmelden und sehen, wer in deiner Nähe online ist.","Hier fragt keiner, ob das Tattoo wehgetan hat. Geprüfte Profile, Umkreissuche, kostenlos.","Tätowierte Singles von Wien bis Innsbruck. Registrieren, Profil anlegen, losflirten.","Über 20 Jahre Online-Dating, betrieben von der Icony GmbH. Profil jederzeit löschbar.",Tattoo-Singles,Kostenlos,https://dich-mit-stich.at/tattoo-singles/kennenlernen/?v=singles
DMS AT - Tattoo-Singles kennenlernen,,,,,,,,,,Tattoo Dating,Enabled,1.00,,,,,,,,,,,,,,,,,,,,,,,,,,,
DMS AT - Tattoo-Singles kennenlernen,,,,,,,,,,Tattoo Dating,,,tattoo dating,Phrase,,Enabled,,,,,,,,,,,,,,,,,,,,,,,
DMS AT - Tattoo-Singles kennenlernen,,,,,,,,,,Tattoo Dating,,,tattoo dating,Exact,,Enabled,,,,,,,,,,,,,,,,,,,,,,,
DMS AT - Tattoo-Singles kennenlernen,,,,,,,,,,Tattoo Dating,,,dating für tätowierte,Phrase,,Enabled,,,,,,,,,,,,,,,,,,,,,,,
DMS AT - Tattoo-Singles kennenlernen,,,,,,,,,,Tattoo Dating,,,dating für tätowierte,Exact,,Enabled,,,,,,,,,,,,,,,,,,,,,,,
DMS AT - Tattoo-Singles kennenlernen,,,,,,,,,,Tattoo Dating,,,tattoo dating seite,Phrase,,Enabled,,,,,,,,,,,,,,,,,,,,,,,
DMS AT - Tattoo-Singles kennenlernen,,,,,,,,,,Tattoo Dating,,,tattoo dating seite,Exact,,Enabled,,,,,,,,,,,,,,,,,,,,,,,
DMS AT - Tattoo-Singles kennenlernen,,,,,,,,,,Tattoo Dating,,,tattoo dating app,Phrase,,Enabled,,,,,,,,,,,,,,,,,,,,,,,
DMS AT - Tattoo-Singles kennenlernen,,,,,,,,,,Tattoo Dating,,,tattoo dating app,Exact,,Enabled,,,,,,,,,,,,,,,,,,,,,,,
DMS AT - Tattoo-Singles kennenlernen,,,,,,,,,,Tattoo Dating,,,tattoo dating österreich,Phrase,,Enabled,,,,,,,,,,,,,,,,,,,,,,,
DMS AT - Tattoo-Singles kennenlernen,,,,,,,,,,Tattoo Dating,,,tattoo dating österreich,Exact,,Enabled,,,,,,,,,,,,,,,,,,,,,,,
DMS AT - Tattoo-Singles kennenlernen,,,,,,,,,,Tattoo Dating,,,dating mit tattoos,Phrase,,Enabled,,,,,,,,,,,,,,,,,,,,,,,
DMS AT - Tattoo-Singles kennenlernen,,,,,,,,,,Tattoo Dating,,,dating mit tattoos,Exact,,Enabled,,,,,,,,,,,,,,,,,,,,,,,
DMS AT - Tattoo-Singles kennenlernen,,,,,,,,,,Tattoo Dating,,,,,Responsive search ad,Enabled,Tattoo-Dating nach deinem Stil,Dating für Tätowierte,Frauen & Männer mit Tattoos,Singlebörse für Tätowierte,Kostenlos registrieren,Singles in deiner Nähe,Umkreissuche & Flirtradar,Geprüfte Profile,Über 20 Jahre Online-Dating,Szene statt Massenbörse,In 2 Minuten dabei,"Kein Abo, keine Kreditkarte",Jetzt Singles finden,Dich mit Stich,Tattoo-Singles Österreich,1,"Singlebörse für Tätowierte: kostenlos anmelden und sehen, wer in deiner Nähe online ist.","Hier fragt keiner, ob das Tattoo wehgetan hat. Geprüfte Profile, Umkreissuche, kostenlos.","Tätowierte Singles von Wien bis Innsbruck. Registrieren, Profil anlegen, losflirten.","Über 20 Jahre Online-Dating, betrieben von der Icony GmbH. Profil jederzeit löschbar.",Tattoo-Singles,Kostenlos,https://dich-mit-stich.at/tattoo-singles/kennenlernen/?v=dating
DMS AT - Tattoo-Singles kennenlernen,,,,,,,,,,Piercing Singles,Enabled,1.00,,,,,,,,,,,,,,,,,,,,,,,,,,,
DMS AT - Tattoo-Singles kennenlernen,,,,,,,,,,Piercing Singles,,,gepiercte singles,Phrase,,Enabled,,,,,,,,,,,,,,,,,,,,,,,
DMS AT - Tattoo-Singles kennenlernen,,,,,,,,,,Piercing Singles,,,gepiercte singles,Exact,,Enabled,,,,,,,,,,,,,,,,,,,,,,,
DMS AT - Tattoo-Singles kennenlernen,,,,,,,,,,Piercing Singles,,,piercing singles,Phrase,,Enabled,,,,,,,,,,,,,,,,,,,,,,,
DMS AT - Tattoo-Singles kennenlernen,,,,,,,,,,Piercing Singles,,,piercing singles,Exact,,Enabled,,,,,,,,,,,,,,,,,,,,,,,
DMS AT - Tattoo-Singles kennenlernen,,,,,,,,,,Piercing Singles,,,piercing dating,Phrase,,Enabled,,,,,,,,,,,,,,,,,,,,,,,
DMS AT - Tattoo-Singles kennenlernen,,,,,,,,,,Piercing Singles,,,piercing dating,Exact,,Enabled,,,,,,,,,,,,,,,,,,,,,,,
DMS AT - Tattoo-Singles kennenlernen,,,,,,,,,,Piercing Singles,,,gepiercte frauen kennenlernen,Phrase,,Enabled,,,,,,,,,,,,,,,,,,,,,,,
DMS AT - Tattoo-Singles kennenlernen,,,,,,,,,,Piercing Singles,,,gepiercte frauen kennenlernen,Exact,,Enabled,,,,,,,,,,,,,,,,,,,,,,,
DMS AT - Tattoo-Singles kennenlernen,,,,,,,,,,Piercing Singles,,,gepiercte männer kennenlernen,Phrase,,Enabled,,,,,,,,,,,,,,,,,,,,,,,
DMS AT - Tattoo-Singles kennenlernen,,,,,,,,,,Piercing Singles,,,gepiercte männer kennenlernen,Exact,,Enabled,,,,,,,,,,,,,,,,,,,,,,,
DMS AT - Tattoo-Singles kennenlernen,,,,,,,,,,Piercing Singles,,,,,Responsive search ad,Enabled,Gepiercte Singles kennenlernen,"Septum, Sleeve oder Fine Line",Tattoos & Piercings willkommen,Singlebörse für Tätowierte,Kostenlos registrieren,Singles in deiner Nähe,Umkreissuche & Flirtradar,Geprüfte Profile,Über 20 Jahre Online-Dating,Szene statt Massenbörse,In 2 Minuten dabei,"Kein Abo, keine Kreditkarte",Jetzt Singles finden,Dich mit Stich,Tattoo-Singles Österreich,1,"Septum, Sleeve oder Fine Line: Hier musst du nichts erklären. Kostenlos registrieren.","Hier fragt keiner, ob das Tattoo wehgetan hat. Geprüfte Profile, Umkreissuche, kostenlos.","Tätowierte Singles von Wien bis Innsbruck. Registrieren, Profil anlegen, losflirten.","Über 20 Jahre Online-Dating, betrieben von der Icony GmbH. Profil jederzeit löschbar.",Tattoo-Singles,Kostenlos,https://dich-mit-stich.at/tattoo-singles/kennenlernen/?v=piercing
DMS AT - Tattoo-Singles kennenlernen,,,,,,,,,,Taetowierte Frauen,Enabled,1.00,,,,,,,,,,,,,,,,,,,,,,,,,,,
DMS AT - Tattoo-Singles kennenlernen,,,,,,,,,,Taetowierte Frauen,,,tätowierte frauen kennenlernen,Phrase,,Enabled,,,,,,,,,,,,,,,,,,,,,,,
DMS AT - Tattoo-Singles kennenlernen,,,,,,,,,,Taetowierte Frauen,,,tätowierte frauen kennenlernen,Exact,,Enabled,,,,,,,,,,,,,,,,,,,,,,,
DMS AT - Tattoo-Singles kennenlernen,,,,,,,,,,Taetowierte Frauen,,,tätowierte frau kennenlernen,Phrase,,Enabled,,,,,,,,,,,,,,,,,,,,,,,
DMS AT - Tattoo-Singles kennenlernen,,,,,,,,,,Taetowierte Frauen,,,tätowierte frau kennenlernen,Exact,,Enabled,,,,,,,,,,,,,,,,,,,,,,,
DMS AT - Tattoo-Singles kennenlernen,,,,,,,,,,Taetowierte Frauen,,,tätowierte single frauen,Phrase,,Enabled,,,,,,,,,,,,,,,,,,,,,,,
DMS AT - Tattoo-Singles kennenlernen,,,,,,,,,,Taetowierte Frauen,,,tätowierte single frauen,Exact,,Enabled,,,,,,,,,,,,,,,,,,,,,,,
DMS AT - Tattoo-Singles kennenlernen,,,,,,,,,,Taetowierte Frauen,,,tattoo frauen dating,Phrase,,Enabled,,,,,,,,,,,,,,,,,,,,,,,
DMS AT - Tattoo-Singles kennenlernen,,,,,,,,,,Taetowierte Frauen,,,tattoo frauen dating,Exact,,Enabled,,,,,,,,,,,,,,,,,,,,,,,
DMS AT - Tattoo-Singles kennenlernen,,,,,,,,,,Taetowierte Frauen,,,frauen mit tattoos kennenlernen,Phrase,,Enabled,,,,,,,,,,,,,,,,,,,,,,,
DMS AT - Tattoo-Singles kennenlernen,,,,,,,,,,Taetowierte Frauen,,,frauen mit tattoos kennenlernen,Exact,,Enabled,,,,,,,,,,,,,,,,,,,,,,,
DMS AT - Tattoo-Singles kennenlernen,,,,,,,,,,Taetowierte Frauen,,,,,Responsive search ad,Enabled,Tätowierte Frauen kennenlernen,Frauen mit Tattoos treffen,Frauen in deiner Nähe,Singlebörse für Tätowierte,Kostenlos registrieren,Singles in deiner Nähe,Umkreissuche & Flirtradar,Geprüfte Profile,Über 20 Jahre Online-Dating,Szene statt Massenbörse,In 2 Minuten dabei,"Kein Abo, keine Kreditkarte",Jetzt Singles finden,Dich mit Stich,Tattoo-Singles Österreich,1,"Frauen, die Tattoos nicht nur mögen, sondern selbst tragen. Jetzt kostenlos anmelden.","Profile aus deinem Umkreis, geprüft vom Support-Team. Ohne Umwege ins Gespräch kommen.","Tätowierte Singles von Wien bis Innsbruck. Registrieren, Profil anlegen, losflirten.","Über 20 Jahre Online-Dating, betrieben von der Icony GmbH. Profil jederzeit löschbar.",Tattoo-Singles,Kostenlos,https://dich-mit-stich.at/tattoo-singles/kennenlernen/?v=frauen
DMS AT - Tattoo-Singles kennenlernen,,,,,,,,,,Taetowierte Maenner,Enabled,1.00,,,,,,,,,,,,,,,,,,,,,,,,,,,
DMS AT - Tattoo-Singles kennenlernen,,,,,,,,,,Taetowierte Maenner,,,tätowierte männer kennenlernen,Phrase,,Enabled,,,,,,,,,,,,,,,,,,,,,,,
DMS AT - Tattoo-Singles kennenlernen,,,,,,,,,,Taetowierte Maenner,,,tätowierte männer kennenlernen,Exact,,Enabled,,,,,,,,,,,,,,,,,,,,,,,
DMS AT - Tattoo-Singles kennenlernen,,,,,,,,,,Taetowierte Maenner,,,tätowierter mann kennenlernen,Phrase,,Enabled,,,,,,,,,,,,,,,,,,,,,,,
DMS AT - Tattoo-Singles kennenlernen,,,,,,,,,,Taetowierte Maenner,,,tätowierter mann kennenlernen,Exact,,Enabled,,,,,,,,,,,,,,,,,,,,,,,
DMS AT - Tattoo-Singles kennenlernen,,,,,,,,,,Taetowierte Maenner,,,tätowierte single männer,Phrase,,Enabled,,,,,,,,,,,,,,,,,,,,,,,
DMS AT - Tattoo-Singles kennenlernen,,,,,,,,,,Taetowierte Maenner,,,tätowierte single männer,Exact,,Enabled,,,,,,,,,,,,,,,,,,,,,,,
DMS AT - Tattoo-Singles kennenlernen,,,,,,,,,,Taetowierte Maenner,,,tattoo männer dating,Phrase,,Enabled,,,,,,,,,,,,,,,,,,,,,,,
DMS AT - Tattoo-Singles kennenlernen,,,,,,,,,,Taetowierte Maenner,,,tattoo männer dating,Exact,,Enabled,,,,,,,,,,,,,,,,,,,,,,,
DMS AT - Tattoo-Singles kennenlernen,,,,,,,,,,Taetowierte Maenner,,,männer mit tattoos kennenlernen,Phrase,,Enabled,,,,,,,,,,,,,,,,,,,,,,,
DMS AT - Tattoo-Singles kennenlernen,,,,,,,,,,Taetowierte Maenner,,,männer mit tattoos kennenlernen,Exact,,Enabled,,,,,,,,,,,,,,,,,,,,,,,
DMS AT - Tattoo-Singles kennenlernen,,,,,,,,,,Taetowierte Maenner,,,,,Responsive search ad,Enabled,Tätowierte Männer kennenlernen,Männer mit Tattoos treffen,Männer in deiner Nähe,Singlebörse für Tätowierte,Kostenlos registrieren,Singles in deiner Nähe,Umkreissuche & Flirtradar,Geprüfte Profile,Über 20 Jahre Online-Dating,Szene statt Massenbörse,In 2 Minuten dabei,"Kein Abo, keine Kreditkarte",Jetzt Singles finden,Dich mit Stich,Tattoo-Singles Österreich,1,"Männer, die Tinte tragen und wissen, was ein gutes Motiv ist. Jetzt kostenlos anmelden.","Profile aus deinem Umkreis, geprüft vom Support-Team. Ohne Umwege ins Gespräch kommen.","Tätowierte Singles von Wien bis Innsbruck. Registrieren, Profil anlegen, losflirten.","Über 20 Jahre Online-Dating, betrieben von der Icony GmbH. Profil jederzeit löschbar.",Tattoo-Singles,Kostenlos,https://dich-mit-stich.at/tattoo-singles/kennenlernen/?v=maenner
DMS AT - Tattoo-Singles kennenlernen,,,,,,,,,,Partnersuche Taetowierte,Enabled,1.00,,,,,,,,,,,,,,,,,,,,,,,,,,,
DMS AT - Tattoo-Singles kennenlernen,,,,,,,,,,Partnersuche Taetowierte,,,partnersuche tätowierte,Phrase,,Enabled,,,,,,,,,,,,,,,,,,,,,,,
DMS AT - Tattoo-Singles kennenlernen,,,,,,,,,,Partnersuche Taetowierte,,,partnersuche tätowierte,Exact,,Enabled,,,,,,,,,,,,,,,,,,,,,,,
DMS AT - Tattoo-Singles kennenlernen,,,,,,,,,,Partnersuche Taetowierte,,,partnersuche tattoo,Phrase,,Enabled,,,,,,,,,,,,,,,,,,,,,,,
DMS AT - Tattoo-Singles kennenlernen,,,,,,,,,,Partnersuche Taetowierte,,,partnersuche tattoo,Exact,,Enabled,,,,,,,,,,,,,,,,,,,,,,,
DMS AT - Tattoo-Singles kennenlernen,,,,,,,,,,Partnersuche Taetowierte,,,partner mit tattoos finden,Phrase,,Enabled,,,,,,,,,,,,,,,,,,,,,,,
DMS AT - Tattoo-Singles kennenlernen,,,,,,,,,,Partnersuche Taetowierte,,,partner mit tattoos finden,Exact,,Enabled,,,,,,,,,,,,,,,,,,,,,,,
DMS AT - Tattoo-Singles kennenlernen,,,,,,,,,,Partnersuche Taetowierte,,,tätowierten partner finden,Phrase,,Enabled,,,,,,,,,,,,,,,,,,,,,,,
DMS AT - Tattoo-Singles kennenlernen,,,,,,,,,,Partnersuche Taetowierte,,,tätowierten partner finden,Exact,,Enabled,,,,,,,,,,,,,,,,,,,,,,,
DMS AT - Tattoo-Singles kennenlernen,,,,,,,,,,Partnersuche Taetowierte,,,tätowierte partnerin finden,Phrase,,Enabled,,,,,,,,,,,,,,,,,,,,,,,
DMS AT - Tattoo-Singles kennenlernen,,,,,,,,,,Partnersuche Taetowierte,,,tätowierte partnerin finden,Exact,,Enabled,,,,,,,,,,,,,,,,,,,,,,,
DMS AT - Tattoo-Singles kennenlernen,,,,,,,,,,Partnersuche Taetowierte,,,,,Responsive search ad,Enabled,Partnersuche für Tätowierte,Beziehung statt Zeitvertreib,"Singles, die es ernst meinen",Singlebörse für Tätowierte,Kostenlos registrieren,Singles in deiner Nähe,Umkreissuche & Flirtradar,Geprüfte Profile,Über 20 Jahre Online-Dating,Szene statt Massenbörse,In 2 Minuten dabei,"Kein Abo, keine Kreditkarte",Jetzt Singles finden,Dich mit Stich,Tattoo-Singles Österreich,1,"Eine Beziehung mit jemandem, der deine Leidenschaft teilt. Kostenlos registrieren.","Hier fragt keiner, ob das Tattoo wehgetan hat. Geprüfte Profile, Umkreissuche, kostenlos.","Tätowierte Singles von Wien bis Innsbruck. Registrieren, Profil anlegen, losflirten.","Über 20 Jahre Online-Dating, betrieben von der Icony GmbH. Profil jederzeit löschbar.",Tattoo-Singles,Kostenlos,https://dich-mit-stich.at/tattoo-singles/kennenlernen/?v=partnersuche
DMS AT - Tattoo-Singles kennenlernen,,,,,,,,,,Stadt Wien,Enabled,1.00,,,,,,,,,,,,,,,,,,,,,,,,,,,
DMS AT - Tattoo-Singles kennenlernen,,,,,,,,,,Stadt Wien,,,tattoo singles wien,Phrase,,Enabled,,,,,,,,,,,,,,,,,,,,,,,
DMS AT - Tattoo-Singles kennenlernen,,,,,,,,,,Stadt Wien,,,tattoo singles wien,Exact,,Enabled,,,,,,,,,,,,,,,,,,,,,,,
DMS AT - Tattoo-Singles kennenlernen,,,,,,,,,,Stadt Wien,,,tätowierte singles wien,Phrase,,Enabled,,,,,,,,,,,,,,,,,,,,,,,
DMS AT - Tattoo-Singles kennenlernen,,,,,,,,,,Stadt Wien,,,tätowierte singles wien,Exact,,Enabled,,,,,,,,,,,,,,,,,,,,,,,
DMS AT - Tattoo-Singles kennenlernen,,,,,,,,,,Stadt Wien,,,tattoo dating wien,Phrase,,Enabled,,,,,,,,,,,,,,,,,,,,,,,
DMS AT - Tattoo-Singles kennenlernen,,,,,,,,,,Stadt Wien,,,tattoo dating wien,Exact,,Enabled,,,,,,,,,,,,,,,,,,,,,,,
DMS AT - Tattoo-Singles kennenlernen,,,,,,,,,,Stadt Wien,,,,,Responsive search ad,Enabled,Tattoo-Singles in Wien,Tätowierte Singles Wien,Singles aus Wien,Wer in Wien online ist,Singlebörse für Tätowierte,Kostenlos registrieren,Singles in deiner Nähe,Umkreissuche & Flirtradar,Geprüfte Profile,Über 20 Jahre Online-Dating,Szene statt Massenbörse,In 2 Minuten dabei,"Kein Abo, keine Kreditkarte",Jetzt Singles finden,Dich mit Stich,1,"Tattoo-Singles aus Wien kennenlernen: kostenlos anmelden und sehen, wer online ist.","Hier fragt keiner, ob das Tattoo wehgetan hat. Geprüfte Profile, Umkreissuche, kostenlos.","Tätowierte Singles von Wien bis Innsbruck. Registrieren, Profil anlegen, losflirten.","Über 20 Jahre Online-Dating, betrieben von der Icony GmbH. Profil jederzeit löschbar.",Tattoo-Singles,Wien,https://dich-mit-stich.at/tattoo-singles/kennenlernen/?v=singles&stadt=wien
DMS AT - Tattoo-Singles kennenlernen,,,,,,,,,,Stadt Graz,Enabled,1.00,,,,,,,,,,,,,,,,,,,,,,,,,,,
DMS AT - Tattoo-Singles kennenlernen,,,,,,,,,,Stadt Graz,,,tattoo singles graz,Phrase,,Enabled,,,,,,,,,,,,,,,,,,,,,,,
DMS AT - Tattoo-Singles kennenlernen,,,,,,,,,,Stadt Graz,,,tattoo singles graz,Exact,,Enabled,,,,,,,,,,,,,,,,,,,,,,,
DMS AT - Tattoo-Singles kennenlernen,,,,,,,,,,Stadt Graz,,,tätowierte singles graz,Phrase,,Enabled,,,,,,,,,,,,,,,,,,,,,,,
DMS AT - Tattoo-Singles kennenlernen,,,,,,,,,,Stadt Graz,,,tätowierte singles graz,Exact,,Enabled,,,,,,,,,,,,,,,,,,,,,,,
DMS AT - Tattoo-Singles kennenlernen,,,,,,,,,,Stadt Graz,,,tattoo dating graz,Phrase,,Enabled,,,,,,,,,,,,,,,,,,,,,,,
DMS AT - Tattoo-Singles kennenlernen,,,,,,,,,,Stadt Graz,,,tattoo dating graz,Exact,,Enabled,,,,,,,,,,,,,,,,,,,,,,,
DMS AT - Tattoo-Singles kennenlernen,,,,,,,,,,Stadt Graz,,,,,Responsive search ad,Enabled,Tattoo-Singles in Graz,Tätowierte Singles Graz,Singles aus Graz,Wer in Graz online ist,Singlebörse für Tätowierte,Kostenlos registrieren,Singles in deiner Nähe,Umkreissuche & Flirtradar,Geprüfte Profile,Über 20 Jahre Online-Dating,Szene statt Massenbörse,In 2 Minuten dabei,"Kein Abo, keine Kreditkarte",Jetzt Singles finden,Dich mit Stich,1,"Tattoo-Singles aus Graz kennenlernen: kostenlos anmelden und sehen, wer online ist.","Hier fragt keiner, ob das Tattoo wehgetan hat. Geprüfte Profile, Umkreissuche, kostenlos.","Tätowierte Singles von Wien bis Innsbruck. Registrieren, Profil anlegen, losflirten.","Über 20 Jahre Online-Dating, betrieben von der Icony GmbH. Profil jederzeit löschbar.",Tattoo-Singles,Graz,https://dich-mit-stich.at/tattoo-singles/kennenlernen/?v=singles&stadt=graz
DMS CH - Tattoo-Singles kennenlernen,Search,Paused,Google search,de,10.00,Daily,Manual CPC,,,,,,,,,,,,,,,,,,,,,,,,,,,,,,,,
DMS CH - Tattoo-Singles kennenlernen,,,,,,,,Switzerland,2756,,,,,,,,,,,,,,,,,,,,,,,,,,,,,,
DMS CH - Tattoo-Singles kennenlernen,,,,,,,,,,,,,tattoo studio,Negative Phrase,,,,,,,,,,,,,,,,,,,,,,,,,
DMS CH - Tattoo-Singles kennenlernen,,,,,,,,,,,,,tattoostudio,Negative Phrase,,,,,,,,,,,,,,,,,,,,,,,,,
DMS CH - Tattoo-Singles kennenlernen,,,,,,,,,,,,,tätowierer,Negative Phrase,,,,,,,,,,,,,,,,,,,,,,,,,
DMS CH - Tattoo-Singles kennenlernen,,,,,,,,,,,,,tattoo entfernen,Negative Phrase,,,,,,,,,,,,,,,,,,,,,,,,,
DMS CH - Tattoo-Singles kennenlernen,,,,,,,,,,,,,tattoo entfernung,Negative Phrase,,,,,,,,,,,,,,,,,,,,,,,,,
DMS CH - Tattoo-Singles kennenlernen,,,,,,,,,,,,,tattoo vorlagen,Negative Phrase,,,,,,,,,,,,,,,,,,,,,,,,,
DMS CH - Tattoo-Singles kennenlernen,,,,,,,,,,,,,tattoo ideen,Negative Phrase,,,,,,,,,,,,,,,,,,,,,,,,,
DMS CH - Tattoo-Singles kennenlernen,,,,,,,,,,,,,tattoo motive,Negative Phrase,,,,,,,,,,,,,,,,,,,,,,,,,
DMS CH - Tattoo-Singles kennenlernen,,,,,,,,,,,,,tattoo bedeutung,Negative Phrase,,,,,,,,,,,,,,,,,,,,,,,,,
DMS CH - Tattoo-Singles kennenlernen,,,,,,,,,,,,,tattoo kosten,Negative Phrase,,,,,,,,,,,,,,,,,,,,,,,,,
DMS CH - Tattoo-Singles kennenlernen,,,,,,,,,,,,,tattoo preise,Negative Phrase,,,,,,,,,,,,,,,,,,,,,,,,,
DMS CH - Tattoo-Singles kennenlernen,,,,,,,,,,,,,tattoo pflege,Negative Phrase,,,,,,,,,,,,,,,,,,,,,,,,,
DMS CH - Tattoo-Singles kennenlernen,,,,,,,,,,,,,tattoo schmerzen,Negative Phrase,,,,,,,,,,,,,,,,,,,,,,,,,
DMS CH - Tattoo-Singles kennenlernen,,,,,,,,,,,,,tattoo creme,Negative Phrase,,,,,,,,,,,,,,,,,,,,,,,,,
DMS CH - Tattoo-Singles kennenlernen,,,,,,,,,,,,,tattoo maschine,Negative Phrase,,,,,,,,,,,,,,,,,,,,,,,,,
DMS CH - Tattoo-Singles kennenlernen,,,,,,,,,,,,,piercing stechen,Negative Phrase,,,,,,,,,,,,,,,,,,,,,,,,,
DMS CH - Tattoo-Singles kennenlernen,,,,,,,,,,,,,piercing kosten,Negative Phrase,,,,,,,,,,,,,,,,,,,,,,,,,
DMS CH - Tattoo-Singles kennenlernen,,,,,,,,,,,,,piercing entzündet,Negative Phrase,,,,,,,,,,,,,,,,,,,,,,,,,
DMS CH - Tattoo-Singles kennenlernen,,,,,,,,,,,,,job,Negative Phrase,,,,,,,,,,,,,,,,,,,,,,,,,
DMS CH - Tattoo-Singles kennenlernen,,,,,,,,,,,,,jobs,Negative Phrase,,,,,,,,,,,,,,,,,,,,,,,,,
DMS CH - Tattoo-Singles kennenlernen,,,,,,,,,,,,,ausbildung,Negative Phrase,,,,,,,,,,,,,,,,,,,,,,,,,
DMS CH - Tattoo-Singles kennenlernen,,,,,,,,,,,,,kurs,Negative Phrase,,,,,,,,,,,,,,,,,,,,,,,,,
DMS CH - Tattoo-Singles kennenlernen,,,,,,,,,,,,,porno,Negative Phrase,,,,,,,,,,,,,,,,,,,,,,,,,
DMS CH - Tattoo-Singles kennenlernen,,,,,,,,,,,,,porn,Negative Phrase,,,,,,,,,,,,,,,,,,,,,,,,,
DMS CH - Tattoo-Singles kennenlernen,,,,,,,,,,,,,sex,Negative Phrase,,,,,,,,,,,,,,,,,,,,,,,,,
DMS CH - Tattoo-Singles kennenlernen,,,,,,,,,,,,,escort,Negative Phrase,,,,,,,,,,,,,,,,,,,,,,,,,
DMS CH - Tattoo-Singles kennenlernen,,,,,,,,,,,,,nackt,Negative Phrase,,,,,,,,,,,,,,,,,,,,,,,,,
DMS CH - Tattoo-Singles kennenlernen,,,,,,,,,,,,,gratis download,Negative Phrase,,,,,,,,,,,,,,,,,,,,,,,,,
DMS CH - Tattoo-Singles kennenlernen,,,,,,,,,,Tattoo Singles,Enabled,1.00,,,,,,,,,,,,,,,,,,,,,,,,,,,
DMS CH - Tattoo-Singles kennenlernen,,,,,,,,,,Tattoo Singles,,,tattoo singles,Phrase,,Enabled,,,,,,,,,,,,,,,,,,,,,,,
DMS CH - Tattoo-Singles kennenlernen,,,,,,,,,,Tattoo Singles,,,tattoo singles,Exact,,Enabled,,,,,,,,,,,,,,,,,,,,,,,
DMS CH - Tattoo-Singles kennenlernen,,,,,,,,,,Tattoo Singles,,,tätowierte singles,Phrase,,Enabled,,,,,,,,,,,,,,,,,,,,,,,
DMS CH - Tattoo-Singles kennenlernen,,,,,,,,,,Tattoo Singles,,,tätowierte singles,Exact,,Enabled,,,,,,,,,,,,,,,,,,,,,,,
DMS CH - Tattoo-Singles kennenlernen,,,,,,,,,,Tattoo Singles,,,singles mit tattoos,Phrase,,Enabled,,,,,,,,,,,,,,,,,,,,,,,
DMS CH - Tattoo-Singles kennenlernen,,,,,,,,,,Tattoo Singles,,,singles mit tattoos,Exact,,Enabled,,,,,,,,,,,,,,,,,,,,,,,
DMS CH - Tattoo-Singles kennenlernen,,,,,,,,,,Tattoo Singles,,,tattoo singlebörse,Phrase,,Enabled,,,,,,,,,,,,,,,,,,,,,,,
DMS CH - Tattoo-Singles kennenlernen,,,,,,,,,,Tattoo Singles,,,tattoo singlebörse,Exact,,Enabled,,,,,,,,,,,,,,,,,,,,,,,
DMS CH - Tattoo-Singles kennenlernen,,,,,,,,,,Tattoo Singles,,,singlebörse für tätowierte,Phrase,,Enabled,,,,,,,,,,,,,,,,,,,,,,,
DMS CH - Tattoo-Singles kennenlernen,,,,,,,,,,Tattoo Singles,,,singlebörse für tätowierte,Exact,,Enabled,,,,,,,,,,,,,,,,,,,,,,,
DMS CH - Tattoo-Singles kennenlernen,,,,,,,,,,Tattoo Singles,,,tattoo single,Phrase,,Enabled,,,,,,,,,,,,,,,,,,,,,,,
DMS CH - Tattoo-Singles kennenlernen,,,,,,,,,,Tattoo Singles,,,tattoo single,Exact,,Enabled,,,,,,,,,,,,,,,,,,,,,,,
DMS CH - Tattoo-Singles kennenlernen,,,,,,,,,,Tattoo Singles,,,tattoo singles schweiz,Phrase,,Enabled,,,,,,,,,,,,,,,,,,,,,,,
DMS CH - Tattoo-Singles kennenlernen,,,,,,,,,,Tattoo Singles,,,tattoo singles schweiz,Exact,,Enabled,,,,,,,,,,,,,,,,,,,,,,,
DMS CH - Tattoo-Singles kennenlernen,,,,,,,,,,Tattoo Singles,,,,,Responsive search ad,Enabled,Tattoo-Singles kennenlernen,Frauen & Männer mit Tattoos,Singlebörse für Tätowierte,Kostenlos registrieren,Singles in deiner Nähe,Umkreissuche & Flirtradar,Geprüfte Profile,Über 20 Jahre Online-Dating,Szene statt Massenbörse,In 2 Minuten dabei,"Kein Abo, keine Kreditkarte",Jetzt Singles finden,Dich mit Stich,Tattoo-Singles Schweiz,,1,"Singlebörse für Tätowierte: kostenlos anmelden und sehen, wer in deiner Nähe online ist.","Hier fragt keiner, ob das Tattoo wehgetan hat. Geprüfte Profile, Umkreissuche, kostenlos.","Tätowierte Singles von Zürich bis Genf. Registrieren, Profil anlegen, losflirten.","Über 20 Jahre Online-Dating, betrieben von der Icony GmbH. Profil jederzeit löschbar.",Tattoo-Singles,Kostenlos,https://dich-mit-stich.ch/tattoo-singles/kennenlernen/?v=singles
DMS CH - Tattoo-Singles kennenlernen,,,,,,,,,,Tattoo Dating,Enabled,1.00,,,,,,,,,,,,,,,,,,,,,,,,,,,
DMS CH - Tattoo-Singles kennenlernen,,,,,,,,,,Tattoo Dating,,,tattoo dating,Phrase,,Enabled,,,,,,,,,,,,,,,,,,,,,,,
DMS CH - Tattoo-Singles kennenlernen,,,,,,,,,,Tattoo Dating,,,tattoo dating,Exact,,Enabled,,,,,,,,,,,,,,,,,,,,,,,
DMS CH - Tattoo-Singles kennenlernen,,,,,,,,,,Tattoo Dating,,,dating für tätowierte,Phrase,,Enabled,,,,,,,,,,,,,,,,,,,,,,,
DMS CH - Tattoo-Singles kennenlernen,,,,,,,,,,Tattoo Dating,,,dating für tätowierte,Exact,,Enabled,,,,,,,,,,,,,,,,,,,,,,,
DMS CH - Tattoo-Singles kennenlernen,,,,,,,,,,Tattoo Dating,,,tattoo dating seite,Phrase,,Enabled,,,,,,,,,,,,,,,,,,,,,,,
DMS CH - Tattoo-Singles kennenlernen,,,,,,,,,,Tattoo Dating,,,tattoo dating seite,Exact,,Enabled,,,,,,,,,,,,,,,,,,,,,,,
DMS CH - Tattoo-Singles kennenlernen,,,,,,,,,,Tattoo Dating,,,tattoo dating app,Phrase,,Enabled,,,,,,,,,,,,,,,,,,,,,,,
DMS CH - Tattoo-Singles kennenlernen,,,,,,,,,,Tattoo Dating,,,tattoo dating app,Exact,,Enabled,,,,,,,,,,,,,,,,,,,,,,,
DMS CH - Tattoo-Singles kennenlernen,,,,,,,,,,Tattoo Dating,,,tattoo dating schweiz,Phrase,,Enabled,,,,,,,,,,,,,,,,,,,,,,,
DMS CH - Tattoo-Singles kennenlernen,,,,,,,,,,Tattoo Dating,,,tattoo dating schweiz,Exact,,Enabled,,,,,,,,,,,,,,,,,,,,,,,
DMS CH - Tattoo-Singles kennenlernen,,,,,,,,,,Tattoo Dating,,,dating mit tattoos,Phrase,,Enabled,,,,,,,,,,,,,,,,,,,,,,,
DMS CH - Tattoo-Singles kennenlernen,,,,,,,,,,Tattoo Dating,,,dating mit tattoos,Exact,,Enabled,,,,,,,,,,,,,,,,,,,,,,,
DMS CH - Tattoo-Singles kennenlernen,,,,,,,,,,Tattoo Dating,,,,,Responsive search ad,Enabled,Tattoo-Dating nach deinem Stil,Dating für Tätowierte,Frauen & Männer mit Tattoos,Singlebörse für Tätowierte,Kostenlos registrieren,Singles in deiner Nähe,Umkreissuche & Flirtradar,Geprüfte Profile,Über 20 Jahre Online-Dating,Szene statt Massenbörse,In 2 Minuten dabei,"Kein Abo, keine Kreditkarte",Jetzt Singles finden,Dich mit Stich,Tattoo-Singles Schweiz,1,"Singlebörse für Tätowierte: kostenlos anmelden und sehen, wer in deiner Nähe online ist.","Hier fragt keiner, ob das Tattoo wehgetan hat. Geprüfte Profile, Umkreissuche, kostenlos.","Tätowierte Singles von Zürich bis Genf. Registrieren, Profil anlegen, losflirten.","Über 20 Jahre Online-Dating, betrieben von der Icony GmbH. Profil jederzeit löschbar.",Tattoo-Singles,Kostenlos,https://dich-mit-stich.ch/tattoo-singles/kennenlernen/?v=dating
DMS CH - Tattoo-Singles kennenlernen,,,,,,,,,,Piercing Singles,Enabled,1.00,,,,,,,,,,,,,,,,,,,,,,,,,,,
DMS CH - Tattoo-Singles kennenlernen,,,,,,,,,,Piercing Singles,,,gepiercte singles,Phrase,,Enabled,,,,,,,,,,,,,,,,,,,,,,,
DMS CH - Tattoo-Singles kennenlernen,,,,,,,,,,Piercing Singles,,,gepiercte singles,Exact,,Enabled,,,,,,,,,,,,,,,,,,,,,,,
DMS CH - Tattoo-Singles kennenlernen,,,,,,,,,,Piercing Singles,,,piercing singles,Phrase,,Enabled,,,,,,,,,,,,,,,,,,,,,,,
DMS CH - Tattoo-Singles kennenlernen,,,,,,,,,,Piercing Singles,,,piercing singles,Exact,,Enabled,,,,,,,,,,,,,,,,,,,,,,,
DMS CH - Tattoo-Singles kennenlernen,,,,,,,,,,Piercing Singles,,,piercing dating,Phrase,,Enabled,,,,,,,,,,,,,,,,,,,,,,,
DMS CH - Tattoo-Singles kennenlernen,,,,,,,,,,Piercing Singles,,,piercing dating,Exact,,Enabled,,,,,,,,,,,,,,,,,,,,,,,
DMS CH - Tattoo-Singles kennenlernen,,,,,,,,,,Piercing Singles,,,gepiercte frauen kennenlernen,Phrase,,Enabled,,,,,,,,,,,,,,,,,,,,,,,
DMS CH - Tattoo-Singles kennenlernen,,,,,,,,,,Piercing Singles,,,gepiercte frauen kennenlernen,Exact,,Enabled,,,,,,,,,,,,,,,,,,,,,,,
DMS CH - Tattoo-Singles kennenlernen,,,,,,,,,,Piercing Singles,,,gepiercte männer kennenlernen,Phrase,,Enabled,,,,,,,,,,,,,,,,,,,,,,,
DMS CH - Tattoo-Singles kennenlernen,,,,,,,,,,Piercing Singles,,,gepiercte männer kennenlernen,Exact,,Enabled,,,,,,,,,,,,,,,,,,,,,,,
DMS CH - Tattoo-Singles kennenlernen,,,,,,,,,,Piercing Singles,,,,,Responsive search ad,Enabled,Gepiercte Singles kennenlernen,"Septum, Sleeve oder Fine Line",Tattoos & Piercings willkommen,Singlebörse für Tätowierte,Kostenlos registrieren,Singles in deiner Nähe,Umkreissuche & Flirtradar,Geprüfte Profile,Über 20 Jahre Online-Dating,Szene statt Massenbörse,In 2 Minuten dabei,"Kein Abo, keine Kreditkarte",Jetzt Singles finden,Dich mit Stich,Tattoo-Singles Schweiz,1,"Septum, Sleeve oder Fine Line: Hier musst du nichts erklären. Kostenlos registrieren.","Hier fragt keiner, ob das Tattoo wehgetan hat. Geprüfte Profile, Umkreissuche, kostenlos.","Tätowierte Singles von Zürich bis Genf. Registrieren, Profil anlegen, losflirten.","Über 20 Jahre Online-Dating, betrieben von der Icony GmbH. Profil jederzeit löschbar.",Tattoo-Singles,Kostenlos,https://dich-mit-stich.ch/tattoo-singles/kennenlernen/?v=piercing
DMS CH - Tattoo-Singles kennenlernen,,,,,,,,,,Taetowierte Frauen,Enabled,1.00,,,,,,,,,,,,,,,,,,,,,,,,,,,
DMS CH - Tattoo-Singles kennenlernen,,,,,,,,,,Taetowierte Frauen,,,tätowierte frauen kennenlernen,Phrase,,Enabled,,,,,,,,,,,,,,,,,,,,,,,
DMS CH - Tattoo-Singles kennenlernen,,,,,,,,,,Taetowierte Frauen,,,tätowierte frauen kennenlernen,Exact,,Enabled,,,,,,,,,,,,,,,,,,,,,,,
DMS CH - Tattoo-Singles kennenlernen,,,,,,,,,,Taetowierte Frauen,,,tätowierte frau kennenlernen,Phrase,,Enabled,,,,,,,,,,,,,,,,,,,,,,,
DMS CH - Tattoo-Singles kennenlernen,,,,,,,,,,Taetowierte Frauen,,,tätowierte frau kennenlernen,Exact,,Enabled,,,,,,,,,,,,,,,,,,,,,,,
DMS CH - Tattoo-Singles kennenlernen,,,,,,,,,,Taetowierte Frauen,,,tätowierte single frauen,Phrase,,Enabled,,,,,,,,,,,,,,,,,,,,,,,
DMS CH - Tattoo-Singles kennenlernen,,,,,,,,,,Taetowierte Frauen,,,tätowierte single frauen,Exact,,Enabled,,,,,,,,,,,,,,,,,,,,,,,
DMS CH - Tattoo-Singles kennenlernen,,,,,,,,,,Taetowierte Frauen,,,tattoo frauen dating,Phrase,,Enabled,,,,,,,,,,,,,,,,,,,,,,,
DMS CH - Tattoo-Singles kennenlernen,,,,,,,,,,Taetowierte Frauen,,,tattoo frauen dating,Exact,,Enabled,,,,,,,,,,,,,,,,,,,,,,,
DMS CH - Tattoo-Singles kennenlernen,,,,,,,,,,Taetowierte Frauen,,,frauen mit tattoos kennenlernen,Phrase,,Enabled,,,,,,,,,,,,,,,,,,,,,,,
DMS CH - Tattoo-Singles kennenlernen,,,,,,,,,,Taetowierte Frauen,,,frauen mit tattoos kennenlernen,Exact,,Enabled,,,,,,,,,,,,,,,,,,,,,,,
DMS CH - Tattoo-Singles kennenlernen,,,,,,,,,,Taetowierte Frauen,,,,,Responsive search ad,Enabled,Tätowierte Frauen kennenlernen,Frauen mit Tattoos treffen,Frauen in deiner Nähe,Singlebörse für Tätowierte,Kostenlos registrieren,Singles in deiner Nähe,Umkreissuche & Flirtradar,Geprüfte Profile,Über 20 Jahre Online-Dating,Szene statt Massenbörse,In 2 Minuten dabei,"Kein Abo, keine Kreditkarte",Jetzt Singles finden,Dich mit Stich,Tattoo-Singles Schweiz,1,"Frauen, die Tattoos nicht nur mögen, sondern selbst tragen. Jetzt kostenlos anmelden.","Profile aus deinem Umkreis, geprüft vom Support-Team. Ohne Umwege ins Gespräch kommen.","Tätowierte Singles von Zürich bis Genf. Registrieren, Profil anlegen, losflirten.","Über 20 Jahre Online-Dating, betrieben von der Icony GmbH. Profil jederzeit löschbar.",Tattoo-Singles,Kostenlos,https://dich-mit-stich.ch/tattoo-singles/kennenlernen/?v=frauen
DMS CH - Tattoo-Singles kennenlernen,,,,,,,,,,Taetowierte Maenner,Enabled,1.00,,,,,,,,,,,,,,,,,,,,,,,,,,,
DMS CH - Tattoo-Singles kennenlernen,,,,,,,,,,Taetowierte Maenner,,,tätowierte männer kennenlernen,Phrase,,Enabled,,,,,,,,,,,,,,,,,,,,,,,
DMS CH - Tattoo-Singles kennenlernen,,,,,,,,,,Taetowierte Maenner,,,tätowierte männer kennenlernen,Exact,,Enabled,,,,,,,,,,,,,,,,,,,,,,,
DMS CH - Tattoo-Singles kennenlernen,,,,,,,,,,Taetowierte Maenner,,,tätowierter mann kennenlernen,Phrase,,Enabled,,,,,,,,,,,,,,,,,,,,,,,
DMS CH - Tattoo-Singles kennenlernen,,,,,,,,,,Taetowierte Maenner,,,tätowierter mann kennenlernen,Exact,,Enabled,,,,,,,,,,,,,,,,,,,,,,,
DMS CH - Tattoo-Singles kennenlernen,,,,,,,,,,Taetowierte Maenner,,,tätowierte single männer,Phrase,,Enabled,,,,,,,,,,,,,,,,,,,,,,,
DMS CH - Tattoo-Singles kennenlernen,,,,,,,,,,Taetowierte Maenner,,,tätowierte single männer,Exact,,Enabled,,,,,,,,,,,,,,,,,,,,,,,
DMS CH - Tattoo-Singles kennenlernen,,,,,,,,,,Taetowierte Maenner,,,tattoo männer dating,Phrase,,Enabled,,,,,,,,,,,,,,,,,,,,,,,
DMS CH - Tattoo-Singles kennenlernen,,,,,,,,,,Taetowierte Maenner,,,tattoo männer dating,Exact,,Enabled,,,,,,,,,,,,,,,,,,,,,,,
DMS CH - Tattoo-Singles kennenlernen,,,,,,,,,,Taetowierte Maenner,,,männer mit tattoos kennenlernen,Phrase,,Enabled,,,,,,,,,,,,,,,,,,,,,,,
DMS CH - Tattoo-Singles kennenlernen,,,,,,,,,,Taetowierte Maenner,,,männer mit tattoos kennenlernen,Exact,,Enabled,,,,,,,,,,,,,,,,,,,,,,,
DMS CH - Tattoo-Singles kennenlernen,,,,,,,,,,Taetowierte Maenner,,,,,Responsive search ad,Enabled,Tätowierte Männer kennenlernen,Männer mit Tattoos treffen,Männer in deiner Nähe,Singlebörse für Tätowierte,Kostenlos registrieren,Singles in deiner Nähe,Umkreissuche & Flirtradar,Geprüfte Profile,Über 20 Jahre Online-Dating,Szene statt Massenbörse,In 2 Minuten dabei,"Kein Abo, keine Kreditkarte",Jetzt Singles finden,Dich mit Stich,Tattoo-Singles Schweiz,1,"Männer, die Tinte tragen und wissen, was ein gutes Motiv ist. Jetzt kostenlos anmelden.","Profile aus deinem Umkreis, geprüft vom Support-Team. Ohne Umwege ins Gespräch kommen.","Tätowierte Singles von Zürich bis Genf. Registrieren, Profil anlegen, losflirten.","Über 20 Jahre Online-Dating, betrieben von der Icony GmbH. Profil jederzeit löschbar.",Tattoo-Singles,Kostenlos,https://dich-mit-stich.ch/tattoo-singles/kennenlernen/?v=maenner
DMS CH - Tattoo-Singles kennenlernen,,,,,,,,,,Partnersuche Taetowierte,Enabled,1.00,,,,,,,,,,,,,,,,,,,,,,,,,,,
DMS CH - Tattoo-Singles kennenlernen,,,,,,,,,,Partnersuche Taetowierte,,,partnersuche tätowierte,Phrase,,Enabled,,,,,,,,,,,,,,,,,,,,,,,
DMS CH - Tattoo-Singles kennenlernen,,,,,,,,,,Partnersuche Taetowierte,,,partnersuche tätowierte,Exact,,Enabled,,,,,,,,,,,,,,,,,,,,,,,
DMS CH - Tattoo-Singles kennenlernen,,,,,,,,,,Partnersuche Taetowierte,,,partnersuche tattoo,Phrase,,Enabled,,,,,,,,,,,,,,,,,,,,,,,
DMS CH - Tattoo-Singles kennenlernen,,,,,,,,,,Partnersuche Taetowierte,,,partnersuche tattoo,Exact,,Enabled,,,,,,,,,,,,,,,,,,,,,,,
DMS CH - Tattoo-Singles kennenlernen,,,,,,,,,,Partnersuche Taetowierte,,,partner mit tattoos finden,Phrase,,Enabled,,,,,,,,,,,,,,,,,,,,,,,
DMS CH - Tattoo-Singles kennenlernen,,,,,,,,,,Partnersuche Taetowierte,,,partner mit tattoos finden,Exact,,Enabled,,,,,,,,,,,,,,,,,,,,,,,
DMS CH - Tattoo-Singles kennenlernen,,,,,,,,,,Partnersuche Taetowierte,,,tätowierten partner finden,Phrase,,Enabled,,,,,,,,,,,,,,,,,,,,,,,
DMS CH - Tattoo-Singles kennenlernen,,,,,,,,,,Partnersuche Taetowierte,,,tätowierten partner finden,Exact,,Enabled,,,,,,,,,,,,,,,,,,,,,,,
DMS CH - Tattoo-Singles kennenlernen,,,,,,,,,,Partnersuche Taetowierte,,,tätowierte partnerin finden,Phrase,,Enabled,,,,,,,,,,,,,,,,,,,,,,,
DMS CH - Tattoo-Singles kennenlernen,,,,,,,,,,Partnersuche Taetowierte,,,tätowierte partnerin finden,Exact,,Enabled,,,,,,,,,,,,,,,,,,,,,,,
DMS CH - Tattoo-Singles kennenlernen,,,,,,,,,,Partnersuche Taetowierte,,,,,Responsive search ad,Enabled,Partnersuche für Tätowierte,Beziehung statt Zeitvertreib,"Singles, die es ernst meinen",Singlebörse für Tätowierte,Kostenlos registrieren,Singles in deiner Nähe,Umkreissuche & Flirtradar,Geprüfte Profile,Über 20 Jahre Online-Dating,Szene statt Massenbörse,In 2 Minuten dabei,"Kein Abo, keine Kreditkarte",Jetzt Singles finden,Dich mit Stich,Tattoo-Singles Schweiz,1,"Eine Beziehung mit jemandem, der deine Leidenschaft teilt. Kostenlos registrieren.","Hier fragt keiner, ob das Tattoo wehgetan hat. Geprüfte Profile, Umkreissuche, kostenlos.","Tätowierte Singles von Zürich bis Genf. Registrieren, Profil anlegen, losflirten.","Über 20 Jahre Online-Dating, betrieben von der Icony GmbH. Profil jederzeit löschbar.",Tattoo-Singles,Kostenlos,https://dich-mit-stich.ch/tattoo-singles/kennenlernen/?v=partnersuche
DMS CH - Tattoo-Singles kennenlernen,,,,,,,,,,Stadt Zürich,Enabled,1.00,,,,,,,,,,,,,,,,,,,,,,,,,,,
DMS CH - Tattoo-Singles kennenlernen,,,,,,,,,,Stadt Zürich,,,tattoo singles zürich,Phrase,,Enabled,,,,,,,,,,,,,,,,,,,,,,,
DMS CH - Tattoo-Singles kennenlernen,,,,,,,,,,Stadt Zürich,,,tattoo singles zürich,Exact,,Enabled,,,,,,,,,,,,,,,,,,,,,,,
DMS CH - Tattoo-Singles kennenlernen,,,,,,,,,,Stadt Zürich,,,tätowierte singles zürich,Phrase,,Enabled,,,,,,,,,,,,,,,,,,,,,,,
DMS CH - Tattoo-Singles kennenlernen,,,,,,,,,,Stadt Zürich,,,tätowierte singles zürich,Exact,,Enabled,,,,,,,,,,,,,,,,,,,,,,,
DMS CH - Tattoo-Singles kennenlernen,,,,,,,,,,Stadt Zürich,,,tattoo dating zürich,Phrase,,Enabled,,,,,,,,,,,,,,,,,,,,,,,
DMS CH - Tattoo-Singles kennenlernen,,,,,,,,,,Stadt Zürich,,,tattoo dating zürich,Exact,,Enabled,,,,,,,,,,,,,,,,,,,,,,,
DMS CH - Tattoo-Singles kennenlernen,,,,,,,,,,Stadt Zürich,,,,,Responsive search ad,Enabled,Tattoo-Singles in Zürich,Tätowierte Singles Zürich,Singles aus Zürich,Wer in Zürich online ist,Singlebörse für Tätowierte,Kostenlos registrieren,Singles in deiner Nähe,Umkreissuche & Flirtradar,Geprüfte Profile,Über 20 Jahre Online-Dating,Szene statt Massenbörse,In 2 Minuten dabei,"Kein Abo, keine Kreditkarte",Jetzt Singles finden,Dich mit Stich,1,"Tattoo-Singles aus Zürich kennenlernen: kostenlos anmelden und sehen, wer online ist.","Hier fragt keiner, ob das Tattoo wehgetan hat. Geprüfte Profile, Umkreissuche, kostenlos.","Tätowierte Singles von Zürich bis Genf. Registrieren, Profil anlegen, losflirten.","Über 20 Jahre Online-Dating, betrieben von der Icony GmbH. Profil jederzeit löschbar.",Tattoo-Singles,Zürich,https://dich-mit-stich.ch/tattoo-singles/kennenlernen/?v=singles&stadt=zuerich
DMS CH - Tattoo-Singles kennenlernen,,,,,,,,,,Stadt Bern,Enabled,1.00,,,,,,,,,,,,,,,,,,,,,,,,,,,
DMS CH - Tattoo-Singles kennenlernen,,,,,,,,,,Stadt Bern,,,tattoo singles bern,Phrase,,Enabled,,,,,,,,,,,,,,,,,,,,,,,
DMS CH - Tattoo-Singles kennenlernen,,,,,,,,,,Stadt Bern,,,tattoo singles bern,Exact,,Enabled,,,,,,,,,,,,,,,,,,,,,,,
DMS CH - Tattoo-Singles kennenlernen,,,,,,,,,,Stadt Bern,,,tätowierte singles bern,Phrase,,Enabled,,,,,,,,,,,,,,,,,,,,,,,
DMS CH - Tattoo-Singles kennenlernen,,,,,,,,,,Stadt Bern,,,tätowierte singles bern,Exact,,Enabled,,,,,,,,,,,,,,,,,,,,,,,
DMS CH - Tattoo-Singles kennenlernen,,,,,,,,,,Stadt Bern,,,tattoo dating bern,Phrase,,Enabled,,,,,,,,,,,,,,,,,,,,,,,
DMS CH - Tattoo-Singles kennenlernen,,,,,,,,,,Stadt Bern,,,tattoo dating bern,Exact,,Enabled,,,,,,,,,,,,,,,,,,,,,,,
DMS CH - Tattoo-Singles kennenlernen,,,,,,,,,,Stadt Bern,,,,,Responsive search ad,Enabled,Tattoo-Singles in Bern,Tätowierte Singles Bern,Singles aus Bern,Wer in Bern online ist,Singlebörse für Tätowierte,Kostenlos registrieren,Singles in deiner Nähe,Umkreissuche & Flirtradar,Geprüfte Profile,Über 20 Jahre Online-Dating,Szene statt Massenbörse,In 2 Minuten dabei,"Kein Abo, keine Kreditkarte",Jetzt Singles finden,Dich mit Stich,1,"Tattoo-Singles aus Bern kennenlernen: kostenlos anmelden und sehen, wer online ist.","Hier fragt keiner, ob das Tattoo wehgetan hat. Geprüfte Profile, Umkreissuche, kostenlos.","Tätowierte Singles von Zürich bis Genf. Registrieren, Profil anlegen, losflirten.","Über 20 Jahre Online-Dating, betrieben von der Icony GmbH. Profil jederzeit löschbar.",Tattoo-Singles,Bern,https://dich-mit-stich.ch/tattoo-singles/kennenlernen/?v=singles&stadt=bern
DMS CH - Tattoo-Singles kennenlernen,,,,,,,,,,Stadt Basel,Enabled,1.00,,,,,,,,,,,,,,,,,,,,,,,,,,,
DMS CH - Tattoo-Singles kennenlernen,,,,,,,,,,Stadt Basel,,,tattoo singles basel,Phrase,,Enabled,,,,,,,,,,,,,,,,,,,,,,,
DMS CH - Tattoo-Singles kennenlernen,,,,,,,,,,Stadt Basel,,,tattoo singles basel,Exact,,Enabled,,,,,,,,,,,,,,,,,,,,,,,
DMS CH - Tattoo-Singles kennenlernen,,,,,,,,,,Stadt Basel,,,tätowierte singles basel,Phrase,,Enabled,,,,,,,,,,,,,,,,,,,,,,,
DMS CH - Tattoo-Singles kennenlernen,,,,,,,,,,Stadt Basel,,,tätowierte singles basel,Exact,,Enabled,,,,,,,,,,,,,,,,,,,,,,,
DMS CH - Tattoo-Singles kennenlernen,,,,,,,,,,Stadt Basel,,,tattoo dating basel,Phrase,,Enabled,,,,,,,,,,,,,,,,,,,,,,,
DMS CH - Tattoo-Singles kennenlernen,,,,,,,,,,Stadt Basel,,,tattoo dating basel,Exact,,Enabled,,,,,,,,,,,,,,,,,,,,,,,
DMS CH - Tattoo-Singles kennenlernen,,,,,,,,,,Stadt Basel,,,,,Responsive search ad,Enabled,Tattoo-Singles in Basel,Tätowierte Singles Basel,Singles aus Basel,Wer in Basel online ist,Singlebörse für Tätowierte,Kostenlos registrieren,Singles in deiner Nähe,Umkreissuche & Flirtradar,Geprüfte Profile,Über 20 Jahre Online-Dating,Szene statt Massenbörse,In 2 Minuten dabei,"Kein Abo, keine Kreditkarte",Jetzt Singles finden,Dich mit Stich,1,"Tattoo-Singles aus Basel kennenlernen: kostenlos anmelden und sehen, wer online ist.","Hier fragt keiner, ob das Tattoo wehgetan hat. Geprüfte Profile, Umkreissuche, kostenlos.","Tätowierte Singles von Zürich bis Genf. Registrieren, Profil anlegen, losflirten.","Über 20 Jahre Online-Dating, betrieben von der Icony GmbH. Profil jederzeit löschbar.",Tattoo-Singles,Basel,https://dich-mit-stich.ch/tattoo-singles/kennenlernen/?v=singles&stadt=basel
