Action,Campaign,Ad group,Status,Default max. CPC
Add,DMS DE - Tattoo-Singles kennenlernen,Tattoo Singles,Enabled,0.80
Add,DMS DE - Tattoo-Singles kennenlernen,Tattoo Dating,Enabled,0.80
Add,DMS DE - Tattoo-Singles kennenlernen,Piercing Singles,Enabled,0.80
Add,DMS DE - Tattoo-Singles kennenlernen,Taetowierte Frauen,Enabled,0.80
Add,DMS DE - Tattoo-Singles kennenlernen,Taetowierte Maenner,Enabled,0.80
Add,DMS DE - Tattoo-Singles kennenlernen,Partnersuche Taetowierte,Enabled,0.80
Add,DMS DE - Tattoo-Singles kennenlernen,Stadt Berlin,Enabled,0.80
Add,DMS DE - Tattoo-Singles kennenlernen,Stadt Hamburg,Enabled,0.80
Add,DMS DE - Tattoo-Singles kennenlernen,Stadt München,Enabled,0.80
Add,DMS DE - Tattoo-Singles kennenlernen,Stadt Köln,Enabled,0.80
Add,DMS AT - Tattoo-Singles kennenlernen,Tattoo Singles,Enabled,1.00
Add,DMS AT - Tattoo-Singles kennenlernen,Tattoo Dating,Enabled,1.00
Add,DMS AT - Tattoo-Singles kennenlernen,Piercing Singles,Enabled,1.00
Add,DMS AT - Tattoo-Singles kennenlernen,Taetowierte Frauen,Enabled,1.00
Add,DMS AT - Tattoo-Singles kennenlernen,Taetowierte Maenner,Enabled,1.00
Add,DMS AT - Tattoo-Singles kennenlernen,Partnersuche Taetowierte,Enabled,1.00
Add,DMS AT - Tattoo-Singles kennenlernen,Stadt Wien,Enabled,1.00
Add,DMS AT - Tattoo-Singles kennenlernen,Stadt Graz,Enabled,1.00
Add,DMS CH - Tattoo-Singles kennenlernen,Tattoo Singles,Enabled,1.00
Add,DMS CH - Tattoo-Singles kennenlernen,Tattoo Dating,Enabled,1.00
Add,DMS CH - Tattoo-Singles kennenlernen,Piercing Singles,Enabled,1.00
Add,DMS CH - Tattoo-Singles kennenlernen,Taetowierte Frauen,Enabled,1.00
Add,DMS CH - Tattoo-Singles kennenlernen,Taetowierte Maenner,Enabled,1.00
Add,DMS CH - Tattoo-Singles kennenlernen,Partnersuche Taetowierte,Enabled,1.00
Add,DMS CH - Tattoo-Singles kennenlernen,Stadt Zürich,Enabled,1.00
Add,DMS CH - Tattoo-Singles kennenlernen,Stadt Bern,Enabled,1.00
Add,DMS CH - Tattoo-Singles kennenlernen,Stadt Basel,Enabled,1.00
