Action,Keyword status,Campaign,Ad group,Keyword,Match Type,Default max. CPC
Add,Enabled,DMS DE - Tattoo-Singles kennenlernen,Tattoo Singles,tattoo singles,Phrase match,0.80
Add,Enabled,DMS DE - Tattoo-Singles kennenlernen,Tattoo Singles,tattoo singles,Exact match,0.80
Add,Enabled,DMS DE - Tattoo-Singles kennenlernen,Tattoo Singles,tätowierte singles,Phrase match,0.80
Add,Enabled,DMS DE - Tattoo-Singles kennenlernen,Tattoo Singles,tätowierte singles,Exact match,0.80
Add,Enabled,DMS DE - Tattoo-Singles kennenlernen,Tattoo Singles,singles mit tattoos,Phrase match,0.80
Add,Enabled,DMS DE - Tattoo-Singles kennenlernen,Tattoo Singles,singles mit tattoos,Exact match,0.80
Add,Enabled,DMS DE - Tattoo-Singles kennenlernen,Tattoo Singles,tattoo singlebörse,Phrase match,0.80
Add,Enabled,DMS DE - Tattoo-Singles kennenlernen,Tattoo Singles,tattoo singlebörse,Exact match,0.80
Add,Enabled,DMS DE - Tattoo-Singles kennenlernen,Tattoo Singles,singlebörse für tätowierte,Phrase match,0.80
Add,Enabled,DMS DE - Tattoo-Singles kennenlernen,Tattoo Singles,singlebörse für tätowierte,Exact match,0.80
Add,Enabled,DMS DE - Tattoo-Singles kennenlernen,Tattoo Singles,tattoo single,Phrase match,0.80
Add,Enabled,DMS DE - Tattoo-Singles kennenlernen,Tattoo Singles,tattoo single,Exact match,0.80
Add,Enabled,DMS DE - Tattoo-Singles kennenlernen,Tattoo Singles,tattoo singles deutschland,Phrase match,0.80
Add,Enabled,DMS DE - Tattoo-Singles kennenlernen,Tattoo Singles,tattoo singles deutschland,Exact match,0.80
Add,Enabled,DMS DE - Tattoo-Singles kennenlernen,Tattoo Dating,tattoo dating,Phrase match,0.80
Add,Enabled,DMS DE - Tattoo-Singles kennenlernen,Tattoo Dating,tattoo dating,Exact match,0.80
Add,Enabled,DMS DE - Tattoo-Singles kennenlernen,Tattoo Dating,dating für tätowierte,Phrase match,0.80
Add,Enabled,DMS DE - Tattoo-Singles kennenlernen,Tattoo Dating,dating für tätowierte,Exact match,0.80
Add,Enabled,DMS DE - Tattoo-Singles kennenlernen,Tattoo Dating,tattoo dating seite,Phrase match,0.80
Add,Enabled,DMS DE - Tattoo-Singles kennenlernen,Tattoo Dating,tattoo dating seite,Exact match,0.80
Add,Enabled,DMS DE - Tattoo-Singles kennenlernen,Tattoo Dating,tattoo dating app,Phrase match,0.80
Add,Enabled,DMS DE - Tattoo-Singles kennenlernen,Tattoo Dating,tattoo dating app,Exact match,0.80
Add,Enabled,DMS DE - Tattoo-Singles kennenlernen,Tattoo Dating,tattoo dating deutschland,Phrase match,0.80
Add,Enabled,DMS DE - Tattoo-Singles kennenlernen,Tattoo Dating,tattoo dating deutschland,Exact match,0.80
Add,Enabled,DMS DE - Tattoo-Singles kennenlernen,Tattoo Dating,dating mit tattoos,Phrase match,0.80
Add,Enabled,DMS DE - Tattoo-Singles kennenlernen,Tattoo Dating,dating mit tattoos,Exact match,0.80
Add,Enabled,DMS DE - Tattoo-Singles kennenlernen,Piercing Singles,gepiercte singles,Phrase match,0.80
Add,Enabled,DMS DE - Tattoo-Singles kennenlernen,Piercing Singles,gepiercte singles,Exact match,0.80
Add,Enabled,DMS DE - Tattoo-Singles kennenlernen,Piercing Singles,piercing singles,Phrase match,0.80
Add,Enabled,DMS DE - Tattoo-Singles kennenlernen,Piercing Singles,piercing singles,Exact match,0.80
Add,Enabled,DMS DE - Tattoo-Singles kennenlernen,Piercing Singles,piercing dating,Phrase match,0.80
Add,Enabled,DMS DE - Tattoo-Singles kennenlernen,Piercing Singles,piercing dating,Exact match,0.80
Add,Enabled,DMS DE - Tattoo-Singles kennenlernen,Piercing Singles,gepiercte frauen kennenlernen,Phrase match,0.80
Add,Enabled,DMS DE - Tattoo-Singles kennenlernen,Piercing Singles,gepiercte frauen kennenlernen,Exact match,0.80
Add,Enabled,DMS DE - Tattoo-Singles kennenlernen,Piercing Singles,gepiercte männer kennenlernen,Phrase match,0.80
Add,Enabled,DMS DE - Tattoo-Singles kennenlernen,Piercing Singles,gepiercte männer kennenlernen,Exact match,0.80
Add,Enabled,DMS DE - Tattoo-Singles kennenlernen,Taetowierte Frauen,tätowierte frauen kennenlernen,Phrase match,0.80
Add,Enabled,DMS DE - Tattoo-Singles kennenlernen,Taetowierte Frauen,tätowierte frauen kennenlernen,Exact match,0.80
Add,Enabled,DMS DE - Tattoo-Singles kennenlernen,Taetowierte Frauen,tätowierte frau kennenlernen,Phrase match,0.80
Add,Enabled,DMS DE - Tattoo-Singles kennenlernen,Taetowierte Frauen,tätowierte frau kennenlernen,Exact match,0.80
Add,Enabled,DMS DE - Tattoo-Singles kennenlernen,Taetowierte Frauen,tätowierte single frauen,Phrase match,0.80
Add,Enabled,DMS DE - Tattoo-Singles kennenlernen,Taetowierte Frauen,tätowierte single frauen,Exact match,0.80
Add,Enabled,DMS DE - Tattoo-Singles kennenlernen,Taetowierte Frauen,tattoo frauen dating,Phrase match,0.80
Add,Enabled,DMS DE - Tattoo-Singles kennenlernen,Taetowierte Frauen,tattoo frauen dating,Exact match,0.80
Add,Enabled,DMS DE - Tattoo-Singles kennenlernen,Taetowierte Frauen,frauen mit tattoos kennenlernen,Phrase match,0.80
Add,Enabled,DMS DE - Tattoo-Singles kennenlernen,Taetowierte Frauen,frauen mit tattoos kennenlernen,Exact match,0.80
Add,Enabled,DMS DE - Tattoo-Singles kennenlernen,Taetowierte Maenner,tätowierte männer kennenlernen,Phrase match,0.80
Add,Enabled,DMS DE - Tattoo-Singles kennenlernen,Taetowierte Maenner,tätowierte männer kennenlernen,Exact match,0.80
Add,Enabled,DMS DE - Tattoo-Singles kennenlernen,Taetowierte Maenner,tätowierter mann kennenlernen,Phrase match,0.80
Add,Enabled,DMS DE - Tattoo-Singles kennenlernen,Taetowierte Maenner,tätowierter mann kennenlernen,Exact match,0.80
Add,Enabled,DMS DE - Tattoo-Singles kennenlernen,Taetowierte Maenner,tätowierte single männer,Phrase match,0.80
Add,Enabled,DMS DE - Tattoo-Singles kennenlernen,Taetowierte Maenner,tätowierte single männer,Exact match,0.80
Add,Enabled,DMS DE - Tattoo-Singles kennenlernen,Taetowierte Maenner,tattoo männer dating,Phrase match,0.80
Add,Enabled,DMS DE - Tattoo-Singles kennenlernen,Taetowierte Maenner,tattoo männer dating,Exact match,0.80
Add,Enabled,DMS DE - Tattoo-Singles kennenlernen,Taetowierte Maenner,männer mit tattoos kennenlernen,Phrase match,0.80
Add,Enabled,DMS DE - Tattoo-Singles kennenlernen,Taetowierte Maenner,männer mit tattoos kennenlernen,Exact match,0.80
Add,Enabled,DMS DE - Tattoo-Singles kennenlernen,Partnersuche Taetowierte,partnersuche tätowierte,Phrase match,0.80
Add,Enabled,DMS DE - Tattoo-Singles kennenlernen,Partnersuche Taetowierte,partnersuche tätowierte,Exact match,0.80
Add,Enabled,DMS DE - Tattoo-Singles kennenlernen,Partnersuche Taetowierte,partnersuche tattoo,Phrase match,0.80
Add,Enabled,DMS DE - Tattoo-Singles kennenlernen,Partnersuche Taetowierte,partnersuche tattoo,Exact match,0.80
Add,Enabled,DMS DE - Tattoo-Singles kennenlernen,Partnersuche Taetowierte,partner mit tattoos finden,Phrase match,0.80
Add,Enabled,DMS DE - Tattoo-Singles kennenlernen,Partnersuche Taetowierte,partner mit tattoos finden,Exact match,0.80
Add,Enabled,DMS DE - Tattoo-Singles kennenlernen,Partnersuche Taetowierte,tätowierten partner finden,Phrase match,0.80
Add,Enabled,DMS DE - Tattoo-Singles kennenlernen,Partnersuche Taetowierte,tätowierten partner finden,Exact match,0.80
Add,Enabled,DMS DE - Tattoo-Singles kennenlernen,Partnersuche Taetowierte,tätowierte partnerin finden,Phrase match,0.80
Add,Enabled,DMS DE - Tattoo-Singles kennenlernen,Partnersuche Taetowierte,tätowierte partnerin finden,Exact match,0.80
Add,Enabled,DMS DE - Tattoo-Singles kennenlernen,Stadt Berlin,tattoo singles berlin,Phrase match,0.80
Add,Enabled,DMS DE - Tattoo-Singles kennenlernen,Stadt Berlin,tattoo singles berlin,Exact match,0.80
Add,Enabled,DMS DE - Tattoo-Singles kennenlernen,Stadt Berlin,tätowierte singles berlin,Phrase match,0.80
Add,Enabled,DMS DE - Tattoo-Singles kennenlernen,Stadt Berlin,tätowierte singles berlin,Exact match,0.80
Add,Enabled,DMS DE - Tattoo-Singles kennenlernen,Stadt Berlin,tattoo dating berlin,Phrase match,0.80
Add,Enabled,DMS DE - Tattoo-Singles kennenlernen,Stadt Berlin,tattoo dating berlin,Exact match,0.80
Add,Enabled,DMS DE - Tattoo-Singles kennenlernen,Stadt Hamburg,tattoo singles hamburg,Phrase match,0.80
Add,Enabled,DMS DE - Tattoo-Singles kennenlernen,Stadt Hamburg,tattoo singles hamburg,Exact match,0.80
Add,Enabled,DMS DE - Tattoo-Singles kennenlernen,Stadt Hamburg,tätowierte singles hamburg,Phrase match,0.80
Add,Enabled,DMS DE - Tattoo-Singles kennenlernen,Stadt Hamburg,tätowierte singles hamburg,Exact match,0.80
Add,Enabled,DMS DE - Tattoo-Singles kennenlernen,Stadt Hamburg,tattoo dating hamburg,Phrase match,0.80
Add,Enabled,DMS DE - Tattoo-Singles kennenlernen,Stadt Hamburg,tattoo dating hamburg,Exact match,0.80
Add,Enabled,DMS DE - Tattoo-Singles kennenlernen,Stadt München,tattoo singles münchen,Phrase match,0.80
Add,Enabled,DMS DE - Tattoo-Singles kennenlernen,Stadt München,tattoo singles münchen,Exact match,0.80
Add,Enabled,DMS DE - Tattoo-Singles kennenlernen,Stadt München,tätowierte singles münchen,Phrase match,0.80
Add,Enabled,DMS DE - Tattoo-Singles kennenlernen,Stadt München,tätowierte singles münchen,Exact match,0.80
Add,Enabled,DMS DE - Tattoo-Singles kennenlernen,Stadt München,tattoo dating münchen,Phrase match,0.80
Add,Enabled,DMS DE - Tattoo-Singles kennenlernen,Stadt München,tattoo dating münchen,Exact match,0.80
Add,Enabled,DMS DE - Tattoo-Singles kennenlernen,Stadt Köln,tattoo singles köln,Phrase match,0.80
Add,Enabled,DMS DE - Tattoo-Singles kennenlernen,Stadt Köln,tattoo singles köln,Exact match,0.80
Add,Enabled,DMS DE - Tattoo-Singles kennenlernen,Stadt Köln,tätowierte singles köln,Phrase match,0.80
Add,Enabled,DMS DE - Tattoo-Singles kennenlernen,Stadt Köln,tätowierte singles köln,Exact match,0.80
Add,Enabled,DMS DE - Tattoo-Singles kennenlernen,Stadt Köln,tattoo dating köln,Phrase match,0.80
Add,Enabled,DMS DE - Tattoo-Singles kennenlernen,Stadt Köln,tattoo dating köln,Exact match,0.80
Add,Enabled,DMS AT - Tattoo-Singles kennenlernen,Tattoo Singles,tattoo singles,Phrase match,1.00
Add,Enabled,DMS AT - Tattoo-Singles kennenlernen,Tattoo Singles,tattoo singles,Exact match,1.00
Add,Enabled,DMS AT - Tattoo-Singles kennenlernen,Tattoo Singles,tätowierte singles,Phrase match,1.00
Add,Enabled,DMS AT - Tattoo-Singles kennenlernen,Tattoo Singles,tätowierte singles,Exact match,1.00
Add,Enabled,DMS AT - Tattoo-Singles kennenlernen,Tattoo Singles,singles mit tattoos,Phrase match,1.00
Add,Enabled,DMS AT - Tattoo-Singles kennenlernen,Tattoo Singles,singles mit tattoos,Exact match,1.00
Add,Enabled,DMS AT - Tattoo-Singles kennenlernen,Tattoo Singles,tattoo singlebörse,Phrase match,1.00
Add,Enabled,DMS AT - Tattoo-Singles kennenlernen,Tattoo Singles,tattoo singlebörse,Exact match,1.00
Add,Enabled,DMS AT - Tattoo-Singles kennenlernen,Tattoo Singles,singlebörse für tätowierte,Phrase match,1.00
Add,Enabled,DMS AT - Tattoo-Singles kennenlernen,Tattoo Singles,singlebörse für tätowierte,Exact match,1.00
Add,Enabled,DMS AT - Tattoo-Singles kennenlernen,Tattoo Singles,tattoo single,Phrase match,1.00
Add,Enabled,DMS AT - Tattoo-Singles kennenlernen,Tattoo Singles,tattoo single,Exact match,1.00
Add,Enabled,DMS AT - Tattoo-Singles kennenlernen,Tattoo Singles,tattoo singles österreich,Phrase match,1.00
Add,Enabled,DMS AT - Tattoo-Singles kennenlernen,Tattoo Singles,tattoo singles österreich,Exact match,1.00
Add,Enabled,DMS AT - Tattoo-Singles kennenlernen,Tattoo Dating,tattoo dating,Phrase match,1.00
Add,Enabled,DMS AT - Tattoo-Singles kennenlernen,Tattoo Dating,tattoo dating,Exact match,1.00
Add,Enabled,DMS AT - Tattoo-Singles kennenlernen,Tattoo Dating,dating für tätowierte,Phrase match,1.00
Add,Enabled,DMS AT - Tattoo-Singles kennenlernen,Tattoo Dating,dating für tätowierte,Exact match,1.00
Add,Enabled,DMS AT - Tattoo-Singles kennenlernen,Tattoo Dating,tattoo dating seite,Phrase match,1.00
Add,Enabled,DMS AT - Tattoo-Singles kennenlernen,Tattoo Dating,tattoo dating seite,Exact match,1.00
Add,Enabled,DMS AT - Tattoo-Singles kennenlernen,Tattoo Dating,tattoo dating app,Phrase match,1.00
Add,Enabled,DMS AT - Tattoo-Singles kennenlernen,Tattoo Dating,tattoo dating app,Exact match,1.00
Add,Enabled,DMS AT - Tattoo-Singles kennenlernen,Tattoo Dating,tattoo dating österreich,Phrase match,1.00
Add,Enabled,DMS AT - Tattoo-Singles kennenlernen,Tattoo Dating,tattoo dating österreich,Exact match,1.00
Add,Enabled,DMS AT - Tattoo-Singles kennenlernen,Tattoo Dating,dating mit tattoos,Phrase match,1.00
Add,Enabled,DMS AT - Tattoo-Singles kennenlernen,Tattoo Dating,dating mit tattoos,Exact match,1.00
Add,Enabled,DMS AT - Tattoo-Singles kennenlernen,Piercing Singles,gepiercte singles,Phrase match,1.00
Add,Enabled,DMS AT - Tattoo-Singles kennenlernen,Piercing Singles,gepiercte singles,Exact match,1.00
Add,Enabled,DMS AT - Tattoo-Singles kennenlernen,Piercing Singles,piercing singles,Phrase match,1.00
Add,Enabled,DMS AT - Tattoo-Singles kennenlernen,Piercing Singles,piercing singles,Exact match,1.00
Add,Enabled,DMS AT - Tattoo-Singles kennenlernen,Piercing Singles,piercing dating,Phrase match,1.00
Add,Enabled,DMS AT - Tattoo-Singles kennenlernen,Piercing Singles,piercing dating,Exact match,1.00
Add,Enabled,DMS AT - Tattoo-Singles kennenlernen,Piercing Singles,gepiercte frauen kennenlernen,Phrase match,1.00
Add,Enabled,DMS AT - Tattoo-Singles kennenlernen,Piercing Singles,gepiercte frauen kennenlernen,Exact match,1.00
Add,Enabled,DMS AT - Tattoo-Singles kennenlernen,Piercing Singles,gepiercte männer kennenlernen,Phrase match,1.00
Add,Enabled,DMS AT - Tattoo-Singles kennenlernen,Piercing Singles,gepiercte männer kennenlernen,Exact match,1.00
Add,Enabled,DMS AT - Tattoo-Singles kennenlernen,Taetowierte Frauen,tätowierte frauen kennenlernen,Phrase match,1.00
Add,Enabled,DMS AT - Tattoo-Singles kennenlernen,Taetowierte Frauen,tätowierte frauen kennenlernen,Exact match,1.00
Add,Enabled,DMS AT - Tattoo-Singles kennenlernen,Taetowierte Frauen,tätowierte frau kennenlernen,Phrase match,1.00
Add,Enabled,DMS AT - Tattoo-Singles kennenlernen,Taetowierte Frauen,tätowierte frau kennenlernen,Exact match,1.00
Add,Enabled,DMS AT - Tattoo-Singles kennenlernen,Taetowierte Frauen,tätowierte single frauen,Phrase match,1.00
Add,Enabled,DMS AT - Tattoo-Singles kennenlernen,Taetowierte Frauen,tätowierte single frauen,Exact match,1.00
Add,Enabled,DMS AT - Tattoo-Singles kennenlernen,Taetowierte Frauen,tattoo frauen dating,Phrase match,1.00
Add,Enabled,DMS AT - Tattoo-Singles kennenlernen,Taetowierte Frauen,tattoo frauen dating,Exact match,1.00
Add,Enabled,DMS AT - Tattoo-Singles kennenlernen,Taetowierte Frauen,frauen mit tattoos kennenlernen,Phrase match,1.00
Add,Enabled,DMS AT - Tattoo-Singles kennenlernen,Taetowierte Frauen,frauen mit tattoos kennenlernen,Exact match,1.00
Add,Enabled,DMS AT - Tattoo-Singles kennenlernen,Taetowierte Maenner,tätowierte männer kennenlernen,Phrase match,1.00
Add,Enabled,DMS AT - Tattoo-Singles kennenlernen,Taetowierte Maenner,tätowierte männer kennenlernen,Exact match,1.00
Add,Enabled,DMS AT - Tattoo-Singles kennenlernen,Taetowierte Maenner,tätowierter mann kennenlernen,Phrase match,1.00
Add,Enabled,DMS AT - Tattoo-Singles kennenlernen,Taetowierte Maenner,tätowierter mann kennenlernen,Exact match,1.00
Add,Enabled,DMS AT - Tattoo-Singles kennenlernen,Taetowierte Maenner,tätowierte single männer,Phrase match,1.00
Add,Enabled,DMS AT - Tattoo-Singles kennenlernen,Taetowierte Maenner,tätowierte single männer,Exact match,1.00
Add,Enabled,DMS AT - Tattoo-Singles kennenlernen,Taetowierte Maenner,tattoo männer dating,Phrase match,1.00
Add,Enabled,DMS AT - Tattoo-Singles kennenlernen,Taetowierte Maenner,tattoo männer dating,Exact match,1.00
Add,Enabled,DMS AT - Tattoo-Singles kennenlernen,Taetowierte Maenner,männer mit tattoos kennenlernen,Phrase match,1.00
Add,Enabled,DMS AT - Tattoo-Singles kennenlernen,Taetowierte Maenner,männer mit tattoos kennenlernen,Exact match,1.00
Add,Enabled,DMS AT - Tattoo-Singles kennenlernen,Partnersuche Taetowierte,partnersuche tätowierte,Phrase match,1.00
Add,Enabled,DMS AT - Tattoo-Singles kennenlernen,Partnersuche Taetowierte,partnersuche tätowierte,Exact match,1.00
Add,Enabled,DMS AT - Tattoo-Singles kennenlernen,Partnersuche Taetowierte,partnersuche tattoo,Phrase match,1.00
Add,Enabled,DMS AT - Tattoo-Singles kennenlernen,Partnersuche Taetowierte,partnersuche tattoo,Exact match,1.00
Add,Enabled,DMS AT - Tattoo-Singles kennenlernen,Partnersuche Taetowierte,partner mit tattoos finden,Phrase match,1.00
Add,Enabled,DMS AT - Tattoo-Singles kennenlernen,Partnersuche Taetowierte,partner mit tattoos finden,Exact match,1.00
Add,Enabled,DMS AT - Tattoo-Singles kennenlernen,Partnersuche Taetowierte,tätowierten partner finden,Phrase match,1.00
Add,Enabled,DMS AT - Tattoo-Singles kennenlernen,Partnersuche Taetowierte,tätowierten partner finden,Exact match,1.00
Add,Enabled,DMS AT - Tattoo-Singles kennenlernen,Partnersuche Taetowierte,tätowierte partnerin finden,Phrase match,1.00
Add,Enabled,DMS AT - Tattoo-Singles kennenlernen,Partnersuche Taetowierte,tätowierte partnerin finden,Exact match,1.00
Add,Enabled,DMS AT - Tattoo-Singles kennenlernen,Stadt Wien,tattoo singles wien,Phrase match,1.00
Add,Enabled,DMS AT - Tattoo-Singles kennenlernen,Stadt Wien,tattoo singles wien,Exact match,1.00
Add,Enabled,DMS AT - Tattoo-Singles kennenlernen,Stadt Wien,tätowierte singles wien,Phrase match,1.00
Add,Enabled,DMS AT - Tattoo-Singles kennenlernen,Stadt Wien,tätowierte singles wien,Exact match,1.00
Add,Enabled,DMS AT - Tattoo-Singles kennenlernen,Stadt Wien,tattoo dating wien,Phrase match,1.00
Add,Enabled,DMS AT - Tattoo-Singles kennenlernen,Stadt Wien,tattoo dating wien,Exact match,1.00
Add,Enabled,DMS AT - Tattoo-Singles kennenlernen,Stadt Graz,tattoo singles graz,Phrase match,1.00
Add,Enabled,DMS AT - Tattoo-Singles kennenlernen,Stadt Graz,tattoo singles graz,Exact match,1.00
Add,Enabled,DMS AT - Tattoo-Singles kennenlernen,Stadt Graz,tätowierte singles graz,Phrase match,1.00
Add,Enabled,DMS AT - Tattoo-Singles kennenlernen,Stadt Graz,tätowierte singles graz,Exact match,1.00
Add,Enabled,DMS AT - Tattoo-Singles kennenlernen,Stadt Graz,tattoo dating graz,Phrase match,1.00
Add,Enabled,DMS AT - Tattoo-Singles kennenlernen,Stadt Graz,tattoo dating graz,Exact match,1.00
Add,Enabled,DMS CH - Tattoo-Singles kennenlernen,Tattoo Singles,tattoo singles,Phrase match,1.00
Add,Enabled,DMS CH - Tattoo-Singles kennenlernen,Tattoo Singles,tattoo singles,Exact match,1.00
Add,Enabled,DMS CH - Tattoo-Singles kennenlernen,Tattoo Singles,tätowierte singles,Phrase match,1.00
Add,Enabled,DMS CH - Tattoo-Singles kennenlernen,Tattoo Singles,tätowierte singles,Exact match,1.00
Add,Enabled,DMS CH - Tattoo-Singles kennenlernen,Tattoo Singles,singles mit tattoos,Phrase match,1.00
Add,Enabled,DMS CH - Tattoo-Singles kennenlernen,Tattoo Singles,singles mit tattoos,Exact match,1.00
Add,Enabled,DMS CH - Tattoo-Singles kennenlernen,Tattoo Singles,tattoo singlebörse,Phrase match,1.00
Add,Enabled,DMS CH - Tattoo-Singles kennenlernen,Tattoo Singles,tattoo singlebörse,Exact match,1.00
Add,Enabled,DMS CH - Tattoo-Singles kennenlernen,Tattoo Singles,singlebörse für tätowierte,Phrase match,1.00
Add,Enabled,DMS CH - Tattoo-Singles kennenlernen,Tattoo Singles,singlebörse für tätowierte,Exact match,1.00
Add,Enabled,DMS CH - Tattoo-Singles kennenlernen,Tattoo Singles,tattoo single,Phrase match,1.00
Add,Enabled,DMS CH - Tattoo-Singles kennenlernen,Tattoo Singles,tattoo single,Exact match,1.00
Add,Enabled,DMS CH - Tattoo-Singles kennenlernen,Tattoo Singles,tattoo singles schweiz,Phrase match,1.00
Add,Enabled,DMS CH - Tattoo-Singles kennenlernen,Tattoo Singles,tattoo singles schweiz,Exact match,1.00
Add,Enabled,DMS CH - Tattoo-Singles kennenlernen,Tattoo Dating,tattoo dating,Phrase match,1.00
Add,Enabled,DMS CH - Tattoo-Singles kennenlernen,Tattoo Dating,tattoo dating,Exact match,1.00
Add,Enabled,DMS CH - Tattoo-Singles kennenlernen,Tattoo Dating,dating für tätowierte,Phrase match,1.00
Add,Enabled,DMS CH - Tattoo-Singles kennenlernen,Tattoo Dating,dating für tätowierte,Exact match,1.00
Add,Enabled,DMS CH - Tattoo-Singles kennenlernen,Tattoo Dating,tattoo dating seite,Phrase match,1.00
Add,Enabled,DMS CH - Tattoo-Singles kennenlernen,Tattoo Dating,tattoo dating seite,Exact match,1.00
Add,Enabled,DMS CH - Tattoo-Singles kennenlernen,Tattoo Dating,tattoo dating app,Phrase match,1.00
Add,Enabled,DMS CH - Tattoo-Singles kennenlernen,Tattoo Dating,tattoo dating app,Exact match,1.00
Add,Enabled,DMS CH - Tattoo-Singles kennenlernen,Tattoo Dating,tattoo dating schweiz,Phrase match,1.00
Add,Enabled,DMS CH - Tattoo-Singles kennenlernen,Tattoo Dating,tattoo dating schweiz,Exact match,1.00
Add,Enabled,DMS CH - Tattoo-Singles kennenlernen,Tattoo Dating,dating mit tattoos,Phrase match,1.00
Add,Enabled,DMS CH - Tattoo-Singles kennenlernen,Tattoo Dating,dating mit tattoos,Exact match,1.00
Add,Enabled,DMS CH - Tattoo-Singles kennenlernen,Piercing Singles,gepiercte singles,Phrase match,1.00
Add,Enabled,DMS CH - Tattoo-Singles kennenlernen,Piercing Singles,gepiercte singles,Exact match,1.00
Add,Enabled,DMS CH - Tattoo-Singles kennenlernen,Piercing Singles,piercing singles,Phrase match,1.00
Add,Enabled,DMS CH - Tattoo-Singles kennenlernen,Piercing Singles,piercing singles,Exact match,1.00
Add,Enabled,DMS CH - Tattoo-Singles kennenlernen,Piercing Singles,piercing dating,Phrase match,1.00
Add,Enabled,DMS CH - Tattoo-Singles kennenlernen,Piercing Singles,piercing dating,Exact match,1.00
Add,Enabled,DMS CH - Tattoo-Singles kennenlernen,Piercing Singles,gepiercte frauen kennenlernen,Phrase match,1.00
Add,Enabled,DMS CH - Tattoo-Singles kennenlernen,Piercing Singles,gepiercte frauen kennenlernen,Exact match,1.00
Add,Enabled,DMS CH - Tattoo-Singles kennenlernen,Piercing Singles,gepiercte männer kennenlernen,Phrase match,1.00
Add,Enabled,DMS CH - Tattoo-Singles kennenlernen,Piercing Singles,gepiercte männer kennenlernen,Exact match,1.00
Add,Enabled,DMS CH - Tattoo-Singles kennenlernen,Taetowierte Frauen,tätowierte frauen kennenlernen,Phrase match,1.00
Add,Enabled,DMS CH - Tattoo-Singles kennenlernen,Taetowierte Frauen,tätowierte frauen kennenlernen,Exact match,1.00
Add,Enabled,DMS CH - Tattoo-Singles kennenlernen,Taetowierte Frauen,tätowierte frau kennenlernen,Phrase match,1.00
Add,Enabled,DMS CH - Tattoo-Singles kennenlernen,Taetowierte Frauen,tätowierte frau kennenlernen,Exact match,1.00
Add,Enabled,DMS CH - Tattoo-Singles kennenlernen,Taetowierte Frauen,tätowierte single frauen,Phrase match,1.00
Add,Enabled,DMS CH - Tattoo-Singles kennenlernen,Taetowierte Frauen,tätowierte single frauen,Exact match,1.00
Add,Enabled,DMS CH - Tattoo-Singles kennenlernen,Taetowierte Frauen,tattoo frauen dating,Phrase match,1.00
Add,Enabled,DMS CH - Tattoo-Singles kennenlernen,Taetowierte Frauen,tattoo frauen dating,Exact match,1.00
Add,Enabled,DMS CH - Tattoo-Singles kennenlernen,Taetowierte Frauen,frauen mit tattoos kennenlernen,Phrase match,1.00
Add,Enabled,DMS CH - Tattoo-Singles kennenlernen,Taetowierte Frauen,frauen mit tattoos kennenlernen,Exact match,1.00
Add,Enabled,DMS CH - Tattoo-Singles kennenlernen,Taetowierte Maenner,tätowierte männer kennenlernen,Phrase match,1.00
Add,Enabled,DMS CH - Tattoo-Singles kennenlernen,Taetowierte Maenner,tätowierte männer kennenlernen,Exact match,1.00
Add,Enabled,DMS CH - Tattoo-Singles kennenlernen,Taetowierte Maenner,tätowierter mann kennenlernen,Phrase match,1.00
Add,Enabled,DMS CH - Tattoo-Singles kennenlernen,Taetowierte Maenner,tätowierter mann kennenlernen,Exact match,1.00
Add,Enabled,DMS CH - Tattoo-Singles kennenlernen,Taetowierte Maenner,tätowierte single männer,Phrase match,1.00
Add,Enabled,DMS CH - Tattoo-Singles kennenlernen,Taetowierte Maenner,tätowierte single männer,Exact match,1.00
Add,Enabled,DMS CH - Tattoo-Singles kennenlernen,Taetowierte Maenner,tattoo männer dating,Phrase match,1.00
Add,Enabled,DMS CH - Tattoo-Singles kennenlernen,Taetowierte Maenner,tattoo männer dating,Exact match,1.00
Add,Enabled,DMS CH - Tattoo-Singles kennenlernen,Taetowierte Maenner,männer mit tattoos kennenlernen,Phrase match,1.00
Add,Enabled,DMS CH - Tattoo-Singles kennenlernen,Taetowierte Maenner,männer mit tattoos kennenlernen,Exact match,1.00
Add,Enabled,DMS CH - Tattoo-Singles kennenlernen,Partnersuche Taetowierte,partnersuche tätowierte,Phrase match,1.00
Add,Enabled,DMS CH - Tattoo-Singles kennenlernen,Partnersuche Taetowierte,partnersuche tätowierte,Exact match,1.00
Add,Enabled,DMS CH - Tattoo-Singles kennenlernen,Partnersuche Taetowierte,partnersuche tattoo,Phrase match,1.00
Add,Enabled,DMS CH - Tattoo-Singles kennenlernen,Partnersuche Taetowierte,partnersuche tattoo,Exact match,1.00
Add,Enabled,DMS CH - Tattoo-Singles kennenlernen,Partnersuche Taetowierte,partner mit tattoos finden,Phrase match,1.00
Add,Enabled,DMS CH - Tattoo-Singles kennenlernen,Partnersuche Taetowierte,partner mit tattoos finden,Exact match,1.00
Add,Enabled,DMS CH - Tattoo-Singles kennenlernen,Partnersuche Taetowierte,tätowierten partner finden,Phrase match,1.00
Add,Enabled,DMS CH - Tattoo-Singles kennenlernen,Partnersuche Taetowierte,tätowierten partner finden,Exact match,1.00
Add,Enabled,DMS CH - Tattoo-Singles kennenlernen,Partnersuche Taetowierte,tätowierte partnerin finden,Phrase match,1.00
Add,Enabled,DMS CH - Tattoo-Singles kennenlernen,Partnersuche Taetowierte,tätowierte partnerin finden,Exact match,1.00
Add,Enabled,DMS CH - Tattoo-Singles kennenlernen,Stadt Zürich,tattoo singles zürich,Phrase match,1.00
Add,Enabled,DMS CH - Tattoo-Singles kennenlernen,Stadt Zürich,tattoo singles zürich,Exact match,1.00
Add,Enabled,DMS CH - Tattoo-Singles kennenlernen,Stadt Zürich,tätowierte singles zürich,Phrase match,1.00
Add,Enabled,DMS CH - Tattoo-Singles kennenlernen,Stadt Zürich,tätowierte singles zürich,Exact match,1.00
Add,Enabled,DMS CH - Tattoo-Singles kennenlernen,Stadt Zürich,tattoo dating zürich,Phrase match,1.00
Add,Enabled,DMS CH - Tattoo-Singles kennenlernen,Stadt Zürich,tattoo dating zürich,Exact match,1.00
Add,Enabled,DMS CH - Tattoo-Singles kennenlernen,Stadt Bern,tattoo singles bern,Phrase match,1.00
Add,Enabled,DMS CH - Tattoo-Singles kennenlernen,Stadt Bern,tattoo singles bern,Exact match,1.00
Add,Enabled,DMS CH - Tattoo-Singles kennenlernen,Stadt Bern,tätowierte singles bern,Phrase match,1.00
Add,Enabled,DMS CH - Tattoo-Singles kennenlernen,Stadt Bern,tätowierte singles bern,Exact match,1.00
Add,Enabled,DMS CH - Tattoo-Singles kennenlernen,Stadt Bern,tattoo dating bern,Phrase match,1.00
Add,Enabled,DMS CH - Tattoo-Singles kennenlernen,Stadt Bern,tattoo dating bern,Exact match,1.00
Add,Enabled,DMS CH - Tattoo-Singles kennenlernen,Stadt Basel,tattoo singles basel,Phrase match,1.00
Add,Enabled,DMS CH - Tattoo-Singles kennenlernen,Stadt Basel,tattoo singles basel,Exact match,1.00
Add,Enabled,DMS CH - Tattoo-Singles kennenlernen,Stadt Basel,tätowierte singles basel,Phrase match,1.00
Add,Enabled,DMS CH - Tattoo-Singles kennenlernen,Stadt Basel,tätowierte singles basel,Exact match,1.00
Add,Enabled,DMS CH - Tattoo-Singles kennenlernen,Stadt Basel,tattoo dating basel,Phrase match,1.00
Add,Enabled,DMS CH - Tattoo-Singles kennenlernen,Stadt Basel,tattoo dating basel,Exact match,1.00
