Action,Ad status,Campaign,Ad group,Ad type,Headline 1,Headline 2,Headline 3,Headline 4,Headline 5,Headline 6,Headline 7,Headline 8,Headline 9,Headline 10,Headline 11,Headline 12,Headline 13,Headline 14,Headline 1 position,Description,Description 2,Description 3,Description 4,Path 1,Path 2,Final URL,Headline 15
Add,Enabled,DMS DE - Tattoo-Singles kennenlernen,Tattoo Singles,Responsive search ad,Tattoo-Singles kennenlernen,Frauen & Männer mit Tattoos,Singlebörse für Tätowierte,Kostenlos registrieren,Singles in deiner Nähe,Umkreissuche & Flirtradar,Geprüfte Profile,Über 20 Jahre Online-Dating,Szene statt Massenbörse,In 2 Minuten dabei,"Kein Abo, keine Kreditkarte",Jetzt Singles finden,Dich mit Stich,Tattoo-Singles Deutschland,1,"Singlebörse für Tätowierte: kostenlos anmelden und sehen, wer in deiner Nähe online ist.","Hier fragt keiner, ob das Tattoo wehgetan hat. Geprüfte Profile, Umkreissuche, kostenlos.","Tätowierte Singles von Berlin bis München. Registrieren, Profil anlegen, losflirten.","Über 20 Jahre Online-Dating, betrieben von der Icony GmbH. Profil jederzeit löschbar.",Tattoo-Singles,Kostenlos,https://dich-mit-stich.de/tattoo-singles/kennenlernen/?v=singles,
Add,Enabled,DMS DE - Tattoo-Singles kennenlernen,Tattoo Dating,Responsive search ad,Tattoo-Dating nach deinem Stil,Dating für Tätowierte,Frauen & Männer mit Tattoos,Singlebörse für Tätowierte,Kostenlos registrieren,Singles in deiner Nähe,Umkreissuche & Flirtradar,Geprüfte Profile,Über 20 Jahre Online-Dating,Szene statt Massenbörse,In 2 Minuten dabei,"Kein Abo, keine Kreditkarte",Jetzt Singles finden,Dich mit Stich,1,"Singlebörse für Tätowierte: kostenlos anmelden und sehen, wer in deiner Nähe online ist.","Hier fragt keiner, ob das Tattoo wehgetan hat. Geprüfte Profile, Umkreissuche, kostenlos.","Tätowierte Singles von Berlin bis München. Registrieren, Profil anlegen, losflirten.","Über 20 Jahre Online-Dating, betrieben von der Icony GmbH. Profil jederzeit löschbar.",Tattoo-Singles,Kostenlos,https://dich-mit-stich.de/tattoo-singles/kennenlernen/?v=dating,Tattoo-Singles Deutschland
Add,Enabled,DMS DE - Tattoo-Singles kennenlernen,Piercing Singles,Responsive search ad,Gepiercte Singles kennenlernen,"Septum, Sleeve oder Fine Line",Tattoos & Piercings willkommen,Singlebörse für Tätowierte,Kostenlos registrieren,Singles in deiner Nähe,Umkreissuche & Flirtradar,Geprüfte Profile,Über 20 Jahre Online-Dating,Szene statt Massenbörse,In 2 Minuten dabei,"Kein Abo, keine Kreditkarte",Jetzt Singles finden,Dich mit Stich,1,"Septum, Sleeve oder Fine Line: Hier musst du nichts erklären. Kostenlos registrieren.","Hier fragt keiner, ob das Tattoo wehgetan hat. Geprüfte Profile, Umkreissuche, kostenlos.","Tätowierte Singles von Berlin bis München. Registrieren, Profil anlegen, losflirten.","Über 20 Jahre Online-Dating, betrieben von der Icony GmbH. Profil jederzeit löschbar.",Tattoo-Singles,Kostenlos,https://dich-mit-stich.de/tattoo-singles/kennenlernen/?v=piercing,Tattoo-Singles Deutschland
Add,Enabled,DMS DE - Tattoo-Singles kennenlernen,Taetowierte Frauen,Responsive search ad,Tätowierte Frauen kennenlernen,Frauen mit Tattoos treffen,Frauen in deiner Nähe,Singlebörse für Tätowierte,Kostenlos registrieren,Singles in deiner Nähe,Umkreissuche & Flirtradar,Geprüfte Profile,Über 20 Jahre Online-Dating,Szene statt Massenbörse,In 2 Minuten dabei,"Kein Abo, keine Kreditkarte",Jetzt Singles finden,Dich mit Stich,1,"Frauen, die Tattoos nicht nur mögen, sondern selbst tragen. Jetzt kostenlos anmelden.","Profile aus deinem Umkreis, geprüft vom Support-Team. Ohne Umwege ins Gespräch kommen.","Tätowierte Singles von Berlin bis München. Registrieren, Profil anlegen, losflirten.","Über 20 Jahre Online-Dating, betrieben von der Icony GmbH. Profil jederzeit löschbar.",Tattoo-Singles,Kostenlos,https://dich-mit-stich.de/tattoo-singles/kennenlernen/?v=frauen,Tattoo-Singles Deutschland
Add,Enabled,DMS DE - Tattoo-Singles kennenlernen,Taetowierte Maenner,Responsive search ad,Tätowierte Männer kennenlernen,Männer mit Tattoos treffen,Männer in deiner Nähe,Singlebörse für Tätowierte,Kostenlos registrieren,Singles in deiner Nähe,Umkreissuche & Flirtradar,Geprüfte Profile,Über 20 Jahre Online-Dating,Szene statt Massenbörse,In 2 Minuten dabei,"Kein Abo, keine Kreditkarte",Jetzt Singles finden,Dich mit Stich,1,"Männer, die Tinte tragen und wissen, was ein gutes Motiv ist. Jetzt kostenlos anmelden.","Profile aus deinem Umkreis, geprüft vom Support-Team. Ohne Umwege ins Gespräch kommen.","Tätowierte Singles von Berlin bis München. Registrieren, Profil anlegen, losflirten.","Über 20 Jahre Online-Dating, betrieben von der Icony GmbH. Profil jederzeit löschbar.",Tattoo-Singles,Kostenlos,https://dich-mit-stich.de/tattoo-singles/kennenlernen/?v=maenner,Tattoo-Singles Deutschland
Add,Enabled,DMS DE - Tattoo-Singles kennenlernen,Partnersuche Taetowierte,Responsive search ad,Partnersuche für Tätowierte,Beziehung statt Zeitvertreib,"Singles, die es ernst meinen",Singlebörse für Tätowierte,Kostenlos registrieren,Singles in deiner Nähe,Umkreissuche & Flirtradar,Geprüfte Profile,Über 20 Jahre Online-Dating,Szene statt Massenbörse,In 2 Minuten dabei,"Kein Abo, keine Kreditkarte",Jetzt Singles finden,Dich mit Stich,1,"Eine Beziehung mit jemandem, der deine Leidenschaft teilt. Kostenlos registrieren.","Hier fragt keiner, ob das Tattoo wehgetan hat. Geprüfte Profile, Umkreissuche, kostenlos.","Tätowierte Singles von Berlin bis München. Registrieren, Profil anlegen, losflirten.","Über 20 Jahre Online-Dating, betrieben von der Icony GmbH. Profil jederzeit löschbar.",Tattoo-Singles,Kostenlos,https://dich-mit-stich.de/tattoo-singles/kennenlernen/?v=partnersuche,Tattoo-Singles Deutschland
Add,Enabled,DMS DE - Tattoo-Singles kennenlernen,Stadt Berlin,Responsive search ad,Tattoo-Singles in Berlin,Tätowierte Singles Berlin,Singles aus Berlin,Wer in Berlin online ist,Singlebörse für Tätowierte,Kostenlos registrieren,Singles in deiner Nähe,Umkreissuche & Flirtradar,Geprüfte Profile,Über 20 Jahre Online-Dating,Szene statt Massenbörse,In 2 Minuten dabei,"Kein Abo, keine Kreditkarte",Jetzt Singles finden,1,"Tattoo-Singles aus Berlin kennenlernen: kostenlos anmelden und sehen, wer online ist.","Hier fragt keiner, ob das Tattoo wehgetan hat. Geprüfte Profile, Umkreissuche, kostenlos.","Tätowierte Singles von Berlin bis München. Registrieren, Profil anlegen, losflirten.","Über 20 Jahre Online-Dating, betrieben von der Icony GmbH. Profil jederzeit löschbar.",Tattoo-Singles,Berlin,https://dich-mit-stich.de/tattoo-singles/kennenlernen/?v=singles&stadt=berlin,Dich mit Stich
Add,Enabled,DMS DE - Tattoo-Singles kennenlernen,Stadt Hamburg,Responsive search ad,Tattoo-Singles in Hamburg,Tätowierte Singles Hamburg,Singles aus Hamburg,Wer in Hamburg online ist,Singlebörse für Tätowierte,Kostenlos registrieren,Singles in deiner Nähe,Umkreissuche & Flirtradar,Geprüfte Profile,Über 20 Jahre Online-Dating,Szene statt Massenbörse,In 2 Minuten dabei,"Kein Abo, keine Kreditkarte",Jetzt Singles finden,1,"Tattoo-Singles aus Hamburg kennenlernen: kostenlos anmelden und sehen, wer online ist.","Hier fragt keiner, ob das Tattoo wehgetan hat. Geprüfte Profile, Umkreissuche, kostenlos.","Tätowierte Singles von Berlin bis München. Registrieren, Profil anlegen, losflirten.","Über 20 Jahre Online-Dating, betrieben von der Icony GmbH. Profil jederzeit löschbar.",Tattoo-Singles,Hamburg,https://dich-mit-stich.de/tattoo-singles/kennenlernen/?v=singles&stadt=hamburg,Dich mit Stich
Add,Enabled,DMS DE - Tattoo-Singles kennenlernen,Stadt München,Responsive search ad,Tattoo-Singles in München,Tätowierte Singles München,Singles aus München,Wer in München online ist,Singlebörse für Tätowierte,Kostenlos registrieren,Singles in deiner Nähe,Umkreissuche & Flirtradar,Geprüfte Profile,Über 20 Jahre Online-Dating,Szene statt Massenbörse,In 2 Minuten dabei,"Kein Abo, keine Kreditkarte",Jetzt Singles finden,1,"Tattoo-Singles aus München kennenlernen: kostenlos anmelden und sehen, wer online ist.","Hier fragt keiner, ob das Tattoo wehgetan hat. Geprüfte Profile, Umkreissuche, kostenlos.","Tätowierte Singles von Berlin bis München. Registrieren, Profil anlegen, losflirten.","Über 20 Jahre Online-Dating, betrieben von der Icony GmbH. Profil jederzeit löschbar.",Tattoo-Singles,München,https://dich-mit-stich.de/tattoo-singles/kennenlernen/?v=singles&stadt=muenchen,Dich mit Stich
Add,Enabled,DMS DE - Tattoo-Singles kennenlernen,Stadt Köln,Responsive search ad,Tattoo-Singles in Köln,Tätowierte Singles Köln,Singles aus Köln,Wer in Köln online ist,Singlebörse für Tätowierte,Kostenlos registrieren,Singles in deiner Nähe,Umkreissuche & Flirtradar,Geprüfte Profile,Über 20 Jahre Online-Dating,Szene statt Massenbörse,In 2 Minuten dabei,"Kein Abo, keine Kreditkarte",Jetzt Singles finden,1,"Tattoo-Singles aus Köln kennenlernen: kostenlos anmelden und sehen, wer online ist.","Hier fragt keiner, ob das Tattoo wehgetan hat. Geprüfte Profile, Umkreissuche, kostenlos.","Tätowierte Singles von Berlin bis München. Registrieren, Profil anlegen, losflirten.","Über 20 Jahre Online-Dating, betrieben von der Icony GmbH. Profil jederzeit löschbar.",Tattoo-Singles,Köln,https://dich-mit-stich.de/tattoo-singles/kennenlernen/?v=singles&stadt=koeln,Dich mit Stich
Add,Enabled,DMS AT - Tattoo-Singles kennenlernen,Tattoo Singles,Responsive search ad,Tattoo-Singles kennenlernen,Frauen & Männer mit Tattoos,Singlebörse für Tätowierte,Kostenlos registrieren,Singles in deiner Nähe,Umkreissuche & Flirtradar,Geprüfte Profile,Über 20 Jahre Online-Dating,Szene statt Massenbörse,In 2 Minuten dabei,"Kein Abo, keine Kreditkarte",Jetzt Singles finden,Dich mit Stich,Tattoo-Singles Österreich,1,"Singlebörse für Tätowierte: kostenlos anmelden und sehen, wer in deiner Nähe online ist.","Hier fragt keiner, ob das Tattoo wehgetan hat. Geprüfte Profile, Umkreissuche, kostenlos.","Tätowierte Singles von Wien bis Innsbruck. Registrieren, Profil anlegen, losflirten.","Über 20 Jahre Online-Dating, betrieben von der Icony GmbH. Profil jederzeit löschbar.",Tattoo-Singles,Kostenlos,https://dich-mit-stich.at/tattoo-singles/kennenlernen/?v=singles,
Add,Enabled,DMS AT - Tattoo-Singles kennenlernen,Tattoo Dating,Responsive search ad,Tattoo-Dating nach deinem Stil,Dating für Tätowierte,Frauen & Männer mit Tattoos,Singlebörse für Tätowierte,Kostenlos registrieren,Singles in deiner Nähe,Umkreissuche & Flirtradar,Geprüfte Profile,Über 20 Jahre Online-Dating,Szene statt Massenbörse,In 2 Minuten dabei,"Kein Abo, keine Kreditkarte",Jetzt Singles finden,Dich mit Stich,1,"Singlebörse für Tätowierte: kostenlos anmelden und sehen, wer in deiner Nähe online ist.","Hier fragt keiner, ob das Tattoo wehgetan hat. Geprüfte Profile, Umkreissuche, kostenlos.","Tätowierte Singles von Wien bis Innsbruck. Registrieren, Profil anlegen, losflirten.","Über 20 Jahre Online-Dating, betrieben von der Icony GmbH. Profil jederzeit löschbar.",Tattoo-Singles,Kostenlos,https://dich-mit-stich.at/tattoo-singles/kennenlernen/?v=dating,Tattoo-Singles Österreich
Add,Enabled,DMS AT - Tattoo-Singles kennenlernen,Piercing Singles,Responsive search ad,Gepiercte Singles kennenlernen,"Septum, Sleeve oder Fine Line",Tattoos & Piercings willkommen,Singlebörse für Tätowierte,Kostenlos registrieren,Singles in deiner Nähe,Umkreissuche & Flirtradar,Geprüfte Profile,Über 20 Jahre Online-Dating,Szene statt Massenbörse,In 2 Minuten dabei,"Kein Abo, keine Kreditkarte",Jetzt Singles finden,Dich mit Stich,1,"Septum, Sleeve oder Fine Line: Hier musst du nichts erklären. Kostenlos registrieren.","Hier fragt keiner, ob das Tattoo wehgetan hat. Geprüfte Profile, Umkreissuche, kostenlos.","Tätowierte Singles von Wien bis Innsbruck. Registrieren, Profil anlegen, losflirten.","Über 20 Jahre Online-Dating, betrieben von der Icony GmbH. Profil jederzeit löschbar.",Tattoo-Singles,Kostenlos,https://dich-mit-stich.at/tattoo-singles/kennenlernen/?v=piercing,Tattoo-Singles Österreich
Add,Enabled,DMS AT - Tattoo-Singles kennenlernen,Taetowierte Frauen,Responsive search ad,Tätowierte Frauen kennenlernen,Frauen mit Tattoos treffen,Frauen in deiner Nähe,Singlebörse für Tätowierte,Kostenlos registrieren,Singles in deiner Nähe,Umkreissuche & Flirtradar,Geprüfte Profile,Über 20 Jahre Online-Dating,Szene statt Massenbörse,In 2 Minuten dabei,"Kein Abo, keine Kreditkarte",Jetzt Singles finden,Dich mit Stich,1,"Frauen, die Tattoos nicht nur mögen, sondern selbst tragen. Jetzt kostenlos anmelden.","Profile aus deinem Umkreis, geprüft vom Support-Team. Ohne Umwege ins Gespräch kommen.","Tätowierte Singles von Wien bis Innsbruck. Registrieren, Profil anlegen, losflirten.","Über 20 Jahre Online-Dating, betrieben von der Icony GmbH. Profil jederzeit löschbar.",Tattoo-Singles,Kostenlos,https://dich-mit-stich.at/tattoo-singles/kennenlernen/?v=frauen,Tattoo-Singles Österreich
Add,Enabled,DMS AT - Tattoo-Singles kennenlernen,Taetowierte Maenner,Responsive search ad,Tätowierte Männer kennenlernen,Männer mit Tattoos treffen,Männer in deiner Nähe,Singlebörse für Tätowierte,Kostenlos registrieren,Singles in deiner Nähe,Umkreissuche & Flirtradar,Geprüfte Profile,Über 20 Jahre Online-Dating,Szene statt Massenbörse,In 2 Minuten dabei,"Kein Abo, keine Kreditkarte",Jetzt Singles finden,Dich mit Stich,1,"Männer, die Tinte tragen und wissen, was ein gutes Motiv ist. Jetzt kostenlos anmelden.","Profile aus deinem Umkreis, geprüft vom Support-Team. Ohne Umwege ins Gespräch kommen.","Tätowierte Singles von Wien bis Innsbruck. Registrieren, Profil anlegen, losflirten.","Über 20 Jahre Online-Dating, betrieben von der Icony GmbH. Profil jederzeit löschbar.",Tattoo-Singles,Kostenlos,https://dich-mit-stich.at/tattoo-singles/kennenlernen/?v=maenner,Tattoo-Singles Österreich
Add,Enabled,DMS AT - Tattoo-Singles kennenlernen,Partnersuche Taetowierte,Responsive search ad,Partnersuche für Tätowierte,Beziehung statt Zeitvertreib,"Singles, die es ernst meinen",Singlebörse für Tätowierte,Kostenlos registrieren,Singles in deiner Nähe,Umkreissuche & Flirtradar,Geprüfte Profile,Über 20 Jahre Online-Dating,Szene statt Massenbörse,In 2 Minuten dabei,"Kein Abo, keine Kreditkarte",Jetzt Singles finden,Dich mit Stich,1,"Eine Beziehung mit jemandem, der deine Leidenschaft teilt. Kostenlos registrieren.","Hier fragt keiner, ob das Tattoo wehgetan hat. Geprüfte Profile, Umkreissuche, kostenlos.","Tätowierte Singles von Wien bis Innsbruck. Registrieren, Profil anlegen, losflirten.","Über 20 Jahre Online-Dating, betrieben von der Icony GmbH. Profil jederzeit löschbar.",Tattoo-Singles,Kostenlos,https://dich-mit-stich.at/tattoo-singles/kennenlernen/?v=partnersuche,Tattoo-Singles Österreich
Add,Enabled,DMS AT - Tattoo-Singles kennenlernen,Stadt Wien,Responsive search ad,Tattoo-Singles in Wien,Tätowierte Singles Wien,Singles aus Wien,Wer in Wien online ist,Singlebörse für Tätowierte,Kostenlos registrieren,Singles in deiner Nähe,Umkreissuche & Flirtradar,Geprüfte Profile,Über 20 Jahre Online-Dating,Szene statt Massenbörse,In 2 Minuten dabei,"Kein Abo, keine Kreditkarte",Jetzt Singles finden,1,"Tattoo-Singles aus Wien kennenlernen: kostenlos anmelden und sehen, wer online ist.","Hier fragt keiner, ob das Tattoo wehgetan hat. Geprüfte Profile, Umkreissuche, kostenlos.","Tätowierte Singles von Wien bis Innsbruck. Registrieren, Profil anlegen, losflirten.","Über 20 Jahre Online-Dating, betrieben von der Icony GmbH. Profil jederzeit löschbar.",Tattoo-Singles,Wien,https://dich-mit-stich.at/tattoo-singles/kennenlernen/?v=singles&stadt=wien,Dich mit Stich
Add,Enabled,DMS AT - Tattoo-Singles kennenlernen,Stadt Graz,Responsive search ad,Tattoo-Singles in Graz,Tätowierte Singles Graz,Singles aus Graz,Wer in Graz online ist,Singlebörse für Tätowierte,Kostenlos registrieren,Singles in deiner Nähe,Umkreissuche & Flirtradar,Geprüfte Profile,Über 20 Jahre Online-Dating,Szene statt Massenbörse,In 2 Minuten dabei,"Kein Abo, keine Kreditkarte",Jetzt Singles finden,1,"Tattoo-Singles aus Graz kennenlernen: kostenlos anmelden und sehen, wer online ist.","Hier fragt keiner, ob das Tattoo wehgetan hat. Geprüfte Profile, Umkreissuche, kostenlos.","Tätowierte Singles von Wien bis Innsbruck. Registrieren, Profil anlegen, losflirten.","Über 20 Jahre Online-Dating, betrieben von der Icony GmbH. Profil jederzeit löschbar.",Tattoo-Singles,Graz,https://dich-mit-stich.at/tattoo-singles/kennenlernen/?v=singles&stadt=graz,Dich mit Stich
Add,Enabled,DMS CH - Tattoo-Singles kennenlernen,Tattoo Singles,Responsive search ad,Tattoo-Singles kennenlernen,Frauen & Männer mit Tattoos,Singlebörse für Tätowierte,Kostenlos registrieren,Singles in deiner Nähe,Umkreissuche & Flirtradar,Geprüfte Profile,Über 20 Jahre Online-Dating,Szene statt Massenbörse,In 2 Minuten dabei,"Kein Abo, keine Kreditkarte",Jetzt Singles finden,Dich mit Stich,Tattoo-Singles Schweiz,1,"Singlebörse für Tätowierte: kostenlos anmelden und sehen, wer in deiner Nähe online ist.","Hier fragt keiner, ob das Tattoo wehgetan hat. Geprüfte Profile, Umkreissuche, kostenlos.","Tätowierte Singles von Zürich bis Genf. Registrieren, Profil anlegen, losflirten.","Über 20 Jahre Online-Dating, betrieben von der Icony GmbH. Profil jederzeit löschbar.",Tattoo-Singles,Kostenlos,https://dich-mit-stich.ch/tattoo-singles/kennenlernen/?v=singles,
Add,Enabled,DMS CH - Tattoo-Singles kennenlernen,Tattoo Dating,Responsive search ad,Tattoo-Dating nach deinem Stil,Dating für Tätowierte,Frauen & Männer mit Tattoos,Singlebörse für Tätowierte,Kostenlos registrieren,Singles in deiner Nähe,Umkreissuche & Flirtradar,Geprüfte Profile,Über 20 Jahre Online-Dating,Szene statt Massenbörse,In 2 Minuten dabei,"Kein Abo, keine Kreditkarte",Jetzt Singles finden,Dich mit Stich,1,"Singlebörse für Tätowierte: kostenlos anmelden und sehen, wer in deiner Nähe online ist.","Hier fragt keiner, ob das Tattoo wehgetan hat. Geprüfte Profile, Umkreissuche, kostenlos.","Tätowierte Singles von Zürich bis Genf. Registrieren, Profil anlegen, losflirten.","Über 20 Jahre Online-Dating, betrieben von der Icony GmbH. Profil jederzeit löschbar.",Tattoo-Singles,Kostenlos,https://dich-mit-stich.ch/tattoo-singles/kennenlernen/?v=dating,Tattoo-Singles Schweiz
Add,Enabled,DMS CH - Tattoo-Singles kennenlernen,Piercing Singles,Responsive search ad,Gepiercte Singles kennenlernen,"Septum, Sleeve oder Fine Line",Tattoos & Piercings willkommen,Singlebörse für Tätowierte,Kostenlos registrieren,Singles in deiner Nähe,Umkreissuche & Flirtradar,Geprüfte Profile,Über 20 Jahre Online-Dating,Szene statt Massenbörse,In 2 Minuten dabei,"Kein Abo, keine Kreditkarte",Jetzt Singles finden,Dich mit Stich,1,"Septum, Sleeve oder Fine Line: Hier musst du nichts erklären. Kostenlos registrieren.","Hier fragt keiner, ob das Tattoo wehgetan hat. Geprüfte Profile, Umkreissuche, kostenlos.","Tätowierte Singles von Zürich bis Genf. Registrieren, Profil anlegen, losflirten.","Über 20 Jahre Online-Dating, betrieben von der Icony GmbH. Profil jederzeit löschbar.",Tattoo-Singles,Kostenlos,https://dich-mit-stich.ch/tattoo-singles/kennenlernen/?v=piercing,Tattoo-Singles Schweiz
Add,Enabled,DMS CH - Tattoo-Singles kennenlernen,Taetowierte Frauen,Responsive search ad,Tätowierte Frauen kennenlernen,Frauen mit Tattoos treffen,Frauen in deiner Nähe,Singlebörse für Tätowierte,Kostenlos registrieren,Singles in deiner Nähe,Umkreissuche & Flirtradar,Geprüfte Profile,Über 20 Jahre Online-Dating,Szene statt Massenbörse,In 2 Minuten dabei,"Kein Abo, keine Kreditkarte",Jetzt Singles finden,Dich mit Stich,1,"Frauen, die Tattoos nicht nur mögen, sondern selbst tragen. Jetzt kostenlos anmelden.","Profile aus deinem Umkreis, geprüft vom Support-Team. Ohne Umwege ins Gespräch kommen.","Tätowierte Singles von Zürich bis Genf. Registrieren, Profil anlegen, losflirten.","Über 20 Jahre Online-Dating, betrieben von der Icony GmbH. Profil jederzeit löschbar.",Tattoo-Singles,Kostenlos,https://dich-mit-stich.ch/tattoo-singles/kennenlernen/?v=frauen,Tattoo-Singles Schweiz
Add,Enabled,DMS CH - Tattoo-Singles kennenlernen,Taetowierte Maenner,Responsive search ad,Tätowierte Männer kennenlernen,Männer mit Tattoos treffen,Männer in deiner Nähe,Singlebörse für Tätowierte,Kostenlos registrieren,Singles in deiner Nähe,Umkreissuche & Flirtradar,Geprüfte Profile,Über 20 Jahre Online-Dating,Szene statt Massenbörse,In 2 Minuten dabei,"Kein Abo, keine Kreditkarte",Jetzt Singles finden,Dich mit Stich,1,"Männer, die Tinte tragen und wissen, was ein gutes Motiv ist. Jetzt kostenlos anmelden.","Profile aus deinem Umkreis, geprüft vom Support-Team. Ohne Umwege ins Gespräch kommen.","Tätowierte Singles von Zürich bis Genf. Registrieren, Profil anlegen, losflirten.","Über 20 Jahre Online-Dating, betrieben von der Icony GmbH. Profil jederzeit löschbar.",Tattoo-Singles,Kostenlos,https://dich-mit-stich.ch/tattoo-singles/kennenlernen/?v=maenner,Tattoo-Singles Schweiz
Add,Enabled,DMS CH - Tattoo-Singles kennenlernen,Partnersuche Taetowierte,Responsive search ad,Partnersuche für Tätowierte,Beziehung statt Zeitvertreib,"Singles, die es ernst meinen",Singlebörse für Tätowierte,Kostenlos registrieren,Singles in deiner Nähe,Umkreissuche & Flirtradar,Geprüfte Profile,Über 20 Jahre Online-Dating,Szene statt Massenbörse,In 2 Minuten dabei,"Kein Abo, keine Kreditkarte",Jetzt Singles finden,Dich mit Stich,1,"Eine Beziehung mit jemandem, der deine Leidenschaft teilt. Kostenlos registrieren.","Hier fragt keiner, ob das Tattoo wehgetan hat. Geprüfte Profile, Umkreissuche, kostenlos.","Tätowierte Singles von Zürich bis Genf. Registrieren, Profil anlegen, losflirten.","Über 20 Jahre Online-Dating, betrieben von der Icony GmbH. Profil jederzeit löschbar.",Tattoo-Singles,Kostenlos,https://dich-mit-stich.ch/tattoo-singles/kennenlernen/?v=partnersuche,Tattoo-Singles Schweiz
Add,Enabled,DMS CH - Tattoo-Singles kennenlernen,Stadt Zürich,Responsive search ad,Tattoo-Singles in Zürich,Tätowierte Singles Zürich,Singles aus Zürich,Wer in Zürich online ist,Singlebörse für Tätowierte,Kostenlos registrieren,Singles in deiner Nähe,Umkreissuche & Flirtradar,Geprüfte Profile,Über 20 Jahre Online-Dating,Szene statt Massenbörse,In 2 Minuten dabei,"Kein Abo, keine Kreditkarte",Jetzt Singles finden,1,"Tattoo-Singles aus Zürich kennenlernen: kostenlos anmelden und sehen, wer online ist.","Hier fragt keiner, ob das Tattoo wehgetan hat. Geprüfte Profile, Umkreissuche, kostenlos.","Tätowierte Singles von Zürich bis Genf. Registrieren, Profil anlegen, losflirten.","Über 20 Jahre Online-Dating, betrieben von der Icony GmbH. Profil jederzeit löschbar.",Tattoo-Singles,Zürich,https://dich-mit-stich.ch/tattoo-singles/kennenlernen/?v=singles&stadt=zuerich,Dich mit Stich
Add,Enabled,DMS CH - Tattoo-Singles kennenlernen,Stadt Bern,Responsive search ad,Tattoo-Singles in Bern,Tätowierte Singles Bern,Singles aus Bern,Wer in Bern online ist,Singlebörse für Tätowierte,Kostenlos registrieren,Singles in deiner Nähe,Umkreissuche & Flirtradar,Geprüfte Profile,Über 20 Jahre Online-Dating,Szene statt Massenbörse,In 2 Minuten dabei,"Kein Abo, keine Kreditkarte",Jetzt Singles finden,1,"Tattoo-Singles aus Bern kennenlernen: kostenlos anmelden und sehen, wer online ist.","Hier fragt keiner, ob das Tattoo wehgetan hat. Geprüfte Profile, Umkreissuche, kostenlos.","Tätowierte Singles von Zürich bis Genf. Registrieren, Profil anlegen, losflirten.","Über 20 Jahre Online-Dating, betrieben von der Icony GmbH. Profil jederzeit löschbar.",Tattoo-Singles,Bern,https://dich-mit-stich.ch/tattoo-singles/kennenlernen/?v=singles&stadt=bern,Dich mit Stich
Add,Enabled,DMS CH - Tattoo-Singles kennenlernen,Stadt Basel,Responsive search ad,Tattoo-Singles in Basel,Tätowierte Singles Basel,Singles aus Basel,Wer in Basel online ist,Singlebörse für Tätowierte,Kostenlos registrieren,Singles in deiner Nähe,Umkreissuche & Flirtradar,Geprüfte Profile,Über 20 Jahre Online-Dating,Szene statt Massenbörse,In 2 Minuten dabei,"Kein Abo, keine Kreditkarte",Jetzt Singles finden,1,"Tattoo-Singles aus Basel kennenlernen: kostenlos anmelden und sehen, wer online ist.","Hier fragt keiner, ob das Tattoo wehgetan hat. Geprüfte Profile, Umkreissuche, kostenlos.","Tätowierte Singles von Zürich bis Genf. Registrieren, Profil anlegen, losflirten.","Über 20 Jahre Online-Dating, betrieben von der Icony GmbH. Profil jederzeit löschbar.",Tattoo-Singles,Basel,https://dich-mit-stich.ch/tattoo-singles/kennenlernen/?v=singles&stadt=basel,Dich mit Stich
